address,reward_amount
0x81A50471c13c98a104d4208279f5FB8e829237BC,259.78524419812953
0x5B5F6117d61e8362674F4792EEF0CC4675ffc3Aa,259.78524419812953
0x92f0497FeDD5a9D00Bd01a8252eaBEEDfE904891,259.78524419812953
0x47bA15063FFe7A3eb93Bc93bDe915d02696F8936,259.78524419812953
0xa5921ecFb09FC6ed149Dba00fA9403eCBb1Bfd47,259.78524419812953
0x124f8639f3229723e4eB196C11C34DC062C94232,259.78524419812953
0x9926a2b0795807e35d18eBa884302EaBd66269Dc,259.78524419812953
0x1174caddC811589a46d31fA46154DC7E157F5A15,259.78524419812953
0x2Af116Fd3F3471baC76FB00D27B515f17c884b3a,259.78524419812953
0x5435147875f657C0Cd46e4699760779dCdF3A79D,259.78524419812953
0xEdd36b4189B963cA9DBf4b806f1F23C6E5BBc90D,259.78524419812953
0x8e25301C83d7B72eb20A4aaB814A48Acc11ecc59,259.78524419812953
0x5080EedDfD083eFA6D9b20C00B0eE9B6B9f072e3,259.78524419812953
0xB088F2bCcfc6044bFCf8A57f1de2363B81cc5F0b,259.78524419812953
0x288Cf4D8B578a7Faa2332c1a07da3CC34840637B,259.78524419812953
0x5DD7761Bb42fe91d7FAb78C25A735f3D136658d7,259.78524419812953
0x4F8d498d1e55E498D84e9E18f981fFeF418fd5Df,259.78524419812953
0x0799a67e924F7C73f64cEcB806092Aa7Bde83DbB,259.78524419812953
0xAbA977fF0029d6E8787FE7fF456cA133598a1D0a,259.78524419812953
0x391ed1f2Cd909A0b59bD688620a825B2a4F5487f,259.78524419812953
0x2C9fad6EAacf563C3E6900b7b42F81ecF4bacA00,259.78524419812953
0xEfBE561fd0b634062285184412E5d216818DCE4A,259.78524419812953
0x8442d2468D83daFd573FDee8F39C17424676851F,259.78524419812953
0x7c2daC6B9e03F34aE0A975d6E42aFd35ad29Cb7b,259.78524419812953
0xD1B112B0306B3479843D007E535B8cda36C2737D,259.78524419812953
0xd579d3D93AAE7e9F133092A4595fb41B63665E4F,259.78524419812953
0x84f408489c9c197210317138A57fc88e1f2E87eC,259.78524419812953
0x491457A1B9a9bD021B96f8ed2BBa3689a86e7fb4,259.78524419812953
0x31d72Ec4370AbbEAeb12A7a4C525AEeF43Aea353,259.78524419812953
0xE7f29827Ef3EE767912EB8F0076729410d402be4,259.78524419812953
0x653e52970fcc5e593459187d011d28557696244f,259.78524419812953
0x81c18055211ba493E7da1dF8B8F3B84c025359E2,259.78524419812953
0x788569D010BD40E54E5B8cbA2Ed83aCB6D548869,259.78524419812953
0x37e23feaCc8Da35B290c35380270f7e9da8Db839,259.78524419812953
0xfF55ac10542B1820b0bb3eD6AedFaBeBdAE5c823,259.78524419812953
0x64269e2F23650ABEeD3C87c99EDbea597f5864fF,173.19016279875302
0x7BA3aE154F3E72F512eA628adB8D788fD350183C,173.19016279875302
0xb1953b1Bf031fD450137a27Aa4beD8E6c0f8CEa6,173.19016279875302
0x37d6A69D5A4DeEbF43BbCb3B4D4cEDFd346D7b6F,173.19016279875302
0x6A8745078d19b96ED43369eAbb568f8016d0562a,173.19016279875302
0x9B201331451a84482872Ead931e6C9125b5B4b80,173.19016279875302
0x54fe82Add631620125927e47Df198E049F8ccE54,173.19016279875302
0x946F7031009A3b8399ACa261526fE49Af05Ef410,173.19016279875302
0x71B086421aa6eE1659Df135a09e9bF8A2aEa9652,173.19016279875302
0x908d010254415Fc96D575f42CfdCd5D0cdB1d3c2,173.19016279875302
0x91aaE0400D6BB640cC122ec7C432DE47b38D1164,173.19016279875302
0xe483687d9c5AAd2844684eaA87125D8bf4C62b61,173.19016279875302
0x2B2c75febcAa0037E123D24527f3d1e6c21Bd8FF,173.19016279875302
0xc36B4B0a9956456604e90C0Ee7D0FD72b7f20427,173.19016279875302
0x18832dc635e51772f569E847Af309E09D3152037,173.19016279875302
0xd939AdC89420A6DB106F2C3c4F06B1E76517922a,173.19016279875302
0x31D4e8EE886B0EE51A149A04966D4fd6b80208e2,173.19016279875302
0x157A6Bb61fa8275B391fe5A1678563DBB8498EE4,173.19016279875302
0x457Cc8ce23157Ab43aAae659CbEbd8BB22518094,173.19016279875302
0x171fEb1453397b4EBD62621e9c67cE97c91EdC1C,173.19016279875302
0xF894A2115dCaEd222D96Db3dd3D66A3B377d77F3,173.19016279875302
0xE41368122B4F5459594C6cc3fCD1192B48f7013E,173.19016279875302
0x6793dfE73C8c55aA492877D75F6BEbCcEe906FF8,173.19016279875302
0xC674e8429b9A530cf15F5E711241a306FAa49FE5,173.19016279875302
0x526928d4bd4e95e6670eEf195B83e0E9f4dE5e16,173.19016279875302
0x02049BE59563Ff7F0cb895c4A23CBD0fF60043E0,173.19016279875302
0x54172eCDBdc5288F8Adfa21d2D45dfaaf123EdAC,173.19016279875302
0xB5A8AF5168f41d732Ee5419bE17453B4950FA69d,173.19016279875302
0x46B52005018B86AD51EfAdff7f8589EAa0951D6a,173.19016279875302
0xfd2C9579d9b90F4DfbCa06d14A6dd4592d73DAb0,173.19016279875302
0xD42064Bb56253416635ea5121C2857B87b69BAfA,173.19016279875302
0xAc7BfD9CF05d4030974a44649e944Cf32A6184e3,173.19016279875302
0x08394f83b7686AE76CE324F1a0788B463313b721,173.19016279875302
0x3A76A25aDED9cFe784571d4c71450a856470581B,173.19016279875302
0xaAc76d3360f0ECaC9381D4B0C918bbD4a930D910,173.19016279875302
0x58eA5f4B8fC79497a8E5c6c6b9999F94C3513d36,173.19016279875302
0xaf4B25767d82388360c1d0DA5fC5bCfbeFA601bA,173.19016279875302
0x09418bC1ED033D84057Fe22DcD49728508D61bb5,173.19016279875302
0xa67c102C13Ee27661602c328C760bEBcB359d0e4,173.19016279875302
0x281AafB2d93bC822B96dDaa6067959C5C5E536E5,173.19016279875302
0xfA6737ed38bb4a8af433cf3FBA3d52ddd88565F0,173.19016279875302
0xC1d2f204847B6749aa17918b60aeE1Cef5609b19,173.19016279875302
0x046FBbD2Cc297969a12ab3CE20A9B4B65E48383c,173.19016279875302
0x4a3764F2A62c8f75172CcEFfc0B0F0F850a00780,173.19016279875302
0xF92990c129b1D1A87Cc7c755f37a2BE338bee402,173.19016279875302
0x61e158d668A400de58Af9eb5138A177BE604dbF5,173.19016279875302
0xD7E0B20d19F1a572271306deB40bE3a695513386,173.19016279875302
0x4Ee5D67e6b13D7A78bF092DA3D1102C512C532A0,173.19016279875302
0xdC7bafC9e2E0D62c39BA6A25E584c89649E86E91,173.19016279875302
0x8DDcA1fe0f6326891De12cA362cdF259170DE252,173.19016279875302
0xe2f1c2A21ACf0C83F7b55CCcbAB5612Fa50F4957,173.19016279875302
0x9d429580B2CE2D6F284D974a26Ea0058E0230562,173.19016279875302
0x7ACb04Ff20139C00Df44001d227a0Bf8354572C3,173.19016279875302
0x2C51a943193d8dEf6fD9427d680Ea823b95B40cf,173.19016279875302
0x2A4e74317803e81d1A4816331250dD3a89451236,173.19016279875302
0xbDb3F7de4DBDA0e3A10E3c5956417E7e6cB99dE7,173.19016279875302
0x0264066C9c6865BF241E0ac6f0F006b13F84D4C1,173.19016279875302
0x554Ad8165aA7b15a7e28d888B3E5f9B94fE77CE7,173.19016279875302
0x56E6992B8a412AD92b4C23a3C9c2581843E2274D,173.19016279875302
0xc25769Bf01fDa55c89a72F06Cc99B0D74Ad105F4,173.19016279875302
0x57D76725f3FC00427b61933566a80e449314B6ff,173.19016279875302
0x70FFaD2a26eD2e43A496821D3098ca7cFF8D9Dd6,173.19016279875302
0x6a33335281692c2F19C2e84e6f36A8c27b3A315c,173.19016279875302
0x16384c9a996F0F4406E7907B2Bce013b10276E44,173.19016279875302
0x707A3EC4cE460b3186C8E66c8d59bD8931D7Ae57,173.19016279875302
0xdFDc711BdD1868De3889b47eD47cF1CBD4407204,173.19016279875302
0x6de41bb5770d6f37078aF2062d86C18679cD2b46,173.19016279875302
0xbeca75B9d9E49571132f2F26698629B4aEEaAA88,173.19016279875302
0x048276c082ac6ba95672373d65aa1D8d24Cb4E0e,173.19016279875302
0xDC94049CFDCD213923C832609d197152c48a4e4F,173.19016279875302
0xabE85c2Dc8D01A76ec7b74cC7156F911C0B7000b,173.19016279875302
0x5C5639aeF9559c34e468beE3182B54c26515D050,173.19016279875302
0xae7718811724dC0f05472e430fbcD9accE790De2,173.19016279875302
0x453BB8630f63Ad9b1FF1Ae8f4ca76399290C1D53,173.19016279875302
0x548b8D7B5da11C85e0055B6183725963FF70dDA4,173.19016279875302
0x806856B2b1cc4a8f4eDA0F8a571eb61B215D5D51,173.19016279875302
0xDC70EAfD5dcE5bcc2A4Ccdfc5ee3C817F437F4a4,173.19016279875302
0x6214B2904dE35E659DDe9c20284Da6E464b6c973,173.19016279875302
0xD6844Dd0C1fcf7E20E4e41c5796EabCB98836C85,173.19016279875302
0x7A63B29731238fc9d896292bDc0a293877a46197,173.19016279875302
0xD43AB6d63708f799B943979158dEE1A6271754AD,173.19016279875302
0xA035dF48A9d4f6F591d7c9A9e1DDBE5b81aEAd25,173.19016279875302
0xfd705CD26eD54a03891BcF1fc29821D3b26EB041,173.19016279875302
0xA0B5a23e45eb675E66DaE24285e8FE01562F8a59,173.19016279875302
0x0Bf38988303473Fc5a34Ce9BBC02C47529EEB488,173.19016279875302
0xDDD3aFCFDE6b9A83ae57792aD32e6327039EDD07,173.19016279875302
0xC03A9CecAC1219340f0D04ded5EC997ad4e4B9dc,173.19016279875302
0x22350f7f986615Af9805f1Cb590ba62211f36eD3,173.19016279875302
0x1cab229e35165da86b583006e87ffB6c6057872E,173.19016279875302
0xFDF8c8299487069Fd3692e65a67aE40Cc1e6b6a0,173.19016279875302
0xa0539CA5Bdcd2387d5132FFCF3Ff185CD926dF9F,173.19016279875302
0xcB8cF933eA83aa708bDa27574AF9eE7F0f4fC162,173.19016279875302
0x1Cf1c88C6e56B4fa314D4A0474bf71f2Fdf530f3,173.19016279875302
0x18703574E974117C608a420EbF825961c9403b93,173.19016279875302
0x8fF067D93F090E14aa4f186259087FAE840Bf586,173.19016279875302
0x1b11C1A0301098EB5fF28D8b04B9b01EC0366676,173.19016279875302
0x2B92ACCC584191f51aEC9f731bd8EE4658500371,173.19016279875302
0x04c2c5aFdd3a2B9d7e6Eb864b0efAc46dE13BdD5,173.19016279875302
0x99b90aEC78030AEF5544a3Cb43A9b0bCfbf673FB,173.19016279875302
0xFD86d8250532c39da7D9E26DB331a19d17bb5B78,173.19016279875302
0x4290b77f303687fe970B7F893C59d795CA4eA016,173.19016279875302
0x2F4D758D799d2619aD5653E286bf54f5ce58AA8C,173.19016279875302
0xCdc712FDb14093809D5c4a6588b94B60B60Ab249,173.19016279875302
0x29B082cB03E66320868f645e4CB3C8c9A95b3DA7,173.19016279875302
0xd3dA0B58Bb47CFD8580FFeb51dc445dc020dA0f3,173.19016279875302
0x15e145BCD4f0c65B3252e4a11C29f8088EDf2d98,173.19016279875302
0x6e0159B5EbaA8E04046996E0D4693b2f2aCCba6A,173.19016279875302
0x6945d28a4Df59386a0Dc5EB483fecebB30C770ec,173.19016279875302
0x9ba788c24BdE3ad6f4a02060431222ea12573Ef2,173.19016279875302
0x5Fe3bDb71a28505dB9Bea583f1f2CA97605BbCC7,173.19016279875302
0x09AAC1F415C2660B2c57D55D54CacFAc8bd4E323,173.19016279875302
0x329FBF3A9fcD68717bD97188003360e75B8D5A89,173.19016279875302
0x298AC7d6a45099b24C2a2359A0Fd20d15eB92793,173.19016279875302
0x2166191E37bBFd91867a37893dcDa76d11A98b0A,173.19016279875302
0x3E054DD32AeE568Bbfe2843c97dCb0116e1dC4bc,173.19016279875302
0x8eF3FB5aE769D0d895dd89B2CbF4090e87D04938,173.19016279875302
0x06261B83751DBD7292cdF513B167f039c21F5D06,173.19016279875302
0x6FDFf31eCfe5314159559F4d90cc4b0B05a13B2b,173.19016279875302
0x6a2097B3B17EF55003d5bcB5D874A77900af84dd,173.19016279875302
0x9265eB16bC0c3711fbfaEe20C5B7A6e2f269BCD0,173.19016279875302
0x02751D5665Ebf5b5CdF7e837eEc7698A871a5e50,173.19016279875302
0x748Ca200fdF9539BE9626B05a356a6AC449Db258,173.19016279875302
0xAfF18F4Ddd98a382B375e8bb638BF1E52c7D83f3,173.19016279875302
0x74b1F962436FAA3A026f9Ef2F477739461D52D46,173.19016279875302
0x27ea9b4618C69A7A6bb508ffbc1774155048bce2,173.19016279875302
0xc884471d5F7405f7D6Fb9c9eb7cE87A3960f9E13,173.19016279875302
0x0488A1fB4301b498B41ba041dA56B39af8B70c73,173.19016279875302
0x15039802bf7fF2BEd7EA94cC2b4e66Ab9F2f87e1,173.19016279875302
0x83D9c62B4F8510235d8A0c0b7C5AA38e96dBc383,173.19016279875302
0x055b0bcCaFD9e6FF0c69F95885a849cC2e09c5F6,173.19016279875302
0x528462a1dA0e90EE3616523B8261D14A2823558a,173.19016279875302
0xdC80884eD1B3B4034E16af579CA4CB3998038658,173.19016279875302
0x78Ab4708296e0b42Fe9e28Ed3e17E59e3a084239,173.19016279875302
0xC563dE149Dec97ea14fF989B0cbA55f34b7f3657,173.19016279875302
0x2AD2f7b390cd957A3c4710dD9268299dE595f4Bb,173.19016279875302
0x81731Da2288f1c3443AD3B3D17545914e232B6da,173.19016279875302
0x063a31f0D7e1a3AB7E6bc965F5C1B7877c6c2260,173.19016279875302
0x63CBBC2eF9cBc1025AcE6AcFC1D1928551679825,173.19016279875302
0x3425Bff4f19945cF93039Bcd2dD10b4a62caf662,173.19016279875302
0x6f515ef4EBf4471060b44F0B82F3e800735FdE0b,173.19016279875302
0x42d49aA308007c64CA7724d1ab3Ca41b3388a286,173.19016279875302
0x1893fF6e1DE8308Cc0685Bc91203d8F4488e6315,173.19016279875302
0x9f3a475Bac94905b16169be8e825f855EA3bF6a7,173.19016279875302
0x320A2D8FF95f21B9Eb2C884Bb63f45b4A54468bB,173.19016279875302
0xe9a97aE8Aecb667364ed374Fb4113558F5B97422,173.19016279875302
0xD9668fEE62a2029f5e369888A520dd081513D0F1,173.19016279875302
0xe439faC6a6Ee611599daa7339d96509f58362783,173.19016279875302
0x9c785b113DCa03b5a4c4bb9c5BE84381f30542fa,173.19016279875302
0x93737f8690B71e5e72091D3F4c349FB09DcDA205,173.19016279875302
0x0d56877d032842E109CFd01496Af1D7D7aAEAa28,173.19016279875302
0x32a8089f32f2F3E8fDc562CAD77340ee576b9237,173.19016279875302
0xC998d7dE14F6b423cb0f60B922362dAa6fc09A74,173.19016279875302
0x7D0182b8CdABA28F12F1B9D7a1985eD72d3E811C,173.19016279875302
0xF68eD06e95F88CBdb6133Cb8f5fCb3d3F47024fF,173.19016279875302
0xF5d4999E04aF80F9715d492E607B31B334d0F53b,173.19016279875302
0x59620Cef136DB5eaEC1DAbe1ddC74D8fcB6e8037,173.19016279875302
0xD063507a6be74d430473e04C15d9D63507B57A7d,173.19016279875302
0xB1dFF52a8D57D1d88e3060251e7E37581e3e8Cc8,173.19016279875302
0x3AfdF426B6202828F5DE4241A327884EA7967b4a,173.19016279875302
0xf18F9Cc5c0Fc72ab557b17b8511c4594ED1B6220,173.19016279875302
0x8d3fDFFaCed533ad56efCa0e910235770eFadF8c,173.19016279875302
0x916c3e6a696eE1c025139050A96a63B4f3477625,173.19016279875302
0x6A01d09a8e9c4c03a94DdA7e9463EC6f507b1DE3,173.19016279875302
0xA548df073A3B6F5b0c71131b8912B8A6E7AF57EC,173.19016279875302
0x37eD706728BFe38EDc8d936439561b95e6cED14f,173.19016279875302
0xE5Cd134be6E179c9240AB88A7f09F4b3022a256A,173.19016279875302
0x814eC4A61a64A6f44E8444FdDe5ce2B2B4C8c5e8,173.19016279875302
0xA0Dc881Af165c4df3c7A8674F59F9084CbfA4b0D,173.19016279875302
0x6B30c64f4a416505aF6032F286dc984001734649,173.19016279875302
0xF1d7dd5190ED497DC886Ca3e64d6C5B027CbD3b5,173.19016279875302
0xd5F8EdD42c854825dA1844910F9ba9D415638A0D,173.19016279875302
0xf8a300F0fA4F186c557a91624Ee0f5f10cd09096,173.19016279875302
0x06cD873c15bCE377Aa9dbEC4691574DD34C1878f,173.19016279875302
0x7C03549BABE78D2b2DF47fEd47a535e9Fbe4D518,173.19016279875302
0x0a0bed2fB74B08e650ed1BA893bCc3d4C1220c8c,173.19016279875302
0x653d1f7fc8B5143e069d492783B7D581b3E0da0f,173.19016279875302
0x300D1fA8aE2BfB83CB9e053ed875E915b24C98E3,173.19016279875302
0x76FC4b093da4849b989e8a7cFA246C890c354491,173.19016279875302
0x8423826ce4D3185974c9fE28A5c88aE2bc70D8A3,173.19016279875302
0x99857a0CE916F54128C63ce7249ac2FF427A3f6c,173.19016279875302
0xa2833e25dA275AeDc7e74a23bC83A46B1Cba6D97,173.19016279875302
0x430CF8775B98B19981d2623D059C99025c6A2831,173.19016279875302
0x1BEAF9C2459b70b4B4B57D7aAaB5c27Be84432b0,173.19016279875302
0xda5038fb1BA7C470f84eC3332C4ab7b4bf8e9AFB,173.19016279875302
0x9442e8F30aC9dE0417043B246ed43ddc6fccc54A,173.19016279875302
0xee8291a99F1B0055d11CAa7438Da22Fe9fABCBFD,173.19016279875302
0x60C57c6Fe15bf1780028eb771B72DCff196bb38c,173.19016279875302
0x25010cF7BC5438a73491C1f56965C1bFF7E05FED,173.19016279875302
0x46f0794A66b03dF9FcaCD6C61244F6c576424A3f,173.19016279875302
0xA7D058F88c5E5670D1c8406AB05df03671a4e618,173.19016279875302
0xe60D51E8866cc362024B321f300dB0dBA854387d,173.19016279875302
0x5A7361FB2d095fc206e8008f07d4e17C51a878Cb,173.19016279875302
0xB0bF29029d0eafD0997e4265f42d945c351bb72A,173.19016279875302
0xa9e9210f795E39dc90B5D200243dd7327a381700,173.19016279875302
0xB9f088F1b93D200E27110204dc93c3Ebe87a1150,173.19016279875302
0xF85627a65196E36e24FFD0AD88240D0154530Cfb,173.19016279875302
0x01Ff07DAa3d0AA87b9779C9e4cE68182A2232472,173.19016279875302
0x195BF040A7489bAe3B8DD45B13506Ac808Cd6AB4,173.19016279875302
0xCdCDFe49E77Ffa5229FA182d3EDdFb5486ab2714,173.19016279875302
0xe8f97C797c5d88B47854dF4C1B0E064bfDeac0DF,173.19016279875302
0x8Fd1E71521B82648890c2c759be016066e0A52DA,173.19016279875302
0x0569517dCe1bE3DD52C41801c176Fa542607bA3E,173.19016279875302
0xcc76F3F5F8D08B65F4C31E8d26504126847a20b9,173.19016279875302
0x26ae47d576b61303cF2de15ebbB453C3e1fE1Fed,173.19016279875302
0x1d1d1327F291655863610BFD8A80fA40c8b7C144,173.19016279875302
0xb6056C82ea2aBA4aD6A52692DedEF73F55476A33,173.19016279875302
0x4A34baB598D890e34E54dc35ABc13c2770808460,173.19016279875302
0xa537654B1D685Df8fEF7a7D99D3B2fe599826Ce1,173.19016279875302
0x09601c63b2A2C28cfef70f166f641F6980318DEa,173.19016279875302
0xf6cE0BF47E650fC8aE77B12f400fB6321fe73EDF,173.19016279875302
0x38De7B63DDB09bA293F7b94Ddd15c1831B6a9eEc,173.19016279875302
0xda96Ee145e936B81a9428B27Fc5385382aC8c11a,173.19016279875302
0xb14De7f0BeC41c57CcCfaD58444ccb22D95cc9d0,173.19016279875302
0x216B84C549084F706baA6542557dF185A3a36377,173.19016279875302
0xb29b9a60c2FE4F0090CEa1DF873EA5E7a15b0a7f,173.19016279875302
0x872c3a8Ef05a1ee79F3915E224E6d51d75DC5716,173.19016279875302
0x49B1dcb6876c2Bc1e8a0b9206F465cf382E96c97,173.19016279875302
0x670D89b3acafffECf54E0348F23b8D2D2D59d9Fc,173.19016279875302
0xF70beDac533635C23960cadB7dAf2D3E68B127fD,173.19016279875302
0xc50AEe65ed54AD31Aa6a092f3Fcc7D9149f7DBDE,173.19016279875302
0x0A5426e4285Bb635be5D4498d9428517308559B8,173.19016279875302
0x7Cfed3E542fFb838C75Cf7Ff23Cf54C2d6A1190d,173.19016279875302
0xcD3b3FD5E39355FdCec5e0730272ABc4753FC6af,173.19016279875302
0x752a6444318B686aDd4d7517da2ad1D0CA05E166,173.19016279875302
0x32969dF4b67fbF636d4F22a30EEA56fB620F018e,173.19016279875302
0xc8c2EE0AB5681d6900C5d68676AD9874Fd39Df65,173.19016279875302
0x009f834104d2C5e5010e2758a02346512DCBa8b8,173.19016279875302
0x50E31fB8C1806f90ce220210932cA5b21aaCeeF1,173.19016279875302
0x4eA11EE3b4F698eb96675Be0C3a6fbc02E829Ee3,173.19016279875302
0x39CdC2c5d97183543FD6DFb8C07dAdCAc8824B3D,173.19016279875302
0xa71150507b3a7e48A3d0422c7E3067Fc43bFE21b,173.19016279875302
0x5dce43a3FAF65F1E246d1cc5CBff838D4348d71c,173.19016279875302
0x0d454EC6BCACe95D1b0DbC71b88073f869F9eeD7,173.19016279875302
0x68748069555c84E81d2c1007B80Fa40a7adf65c3,173.19016279875302
0x528F791C8612936b6665E409F0Eb7d788471Be15,173.19016279875302
0xE7dC52d5824dd198faaaEf233D587597d2Ef74bd,173.19016279875302
0x82E56e552A1D5b56D42D111CAff29eBc82762555,173.19016279875302
0x611a886457f4A661C23fC2eA66F05Ca72528e307,173.19016279875302
0x8F396D603Ba6A180BB9c9fBb18083BC03452ca57,173.19016279875302
0x316de83692EC98B59A724E874c93ABe9F9Eca2ff,173.19016279875302
0xeBB28d3B518054F897b3969844B495b296Ec572f,173.19016279875302
0x98E4300105c3E4089e31d18566AFfC4d81DAea24,173.19016279875302
0xe418e48a0422d744eA44Bfd1d6F9FD760a7d71A5,173.19016279875302
0x3Db4126ADA982376046c7753219c3f65C093F586,173.19016279875302
0xF9EE6DA711d3f088918a4345e280a350F48bEE8F,173.19016279875302
0x68146Eb6a51A7cf26699336e1DB05E391f15A69c,173.19016279875302
0x215446f2b8A2931766c212B8410452E973129Dcf,173.19016279875302
0x5F2aB153942770457C720bFBF231070282352E8F,173.19016279875302
0xfCa908d0F193b28B23d6138372297d06014b46a3,173.19016279875302
0x903478875361e2b73FB0DA020f9E19331DBdaC5E,173.19016279875302
0x59Ab9c237d3dfC0165a7084c1AE07127DAe4C3b9,173.19016279875302
0x2Ee89767C64d36ef5811Ee65AeD365198af37B79,173.19016279875302
0x3355AAb0C73b45016fC3323691802d2B06AeaFBA,173.19016279875302
0xe6d5fD832ed6F0b35AEe245BE8d2b1a142F26771,173.19016279875302
0x4401A84a1497fEC0720a39acf755e8ee01f97210,173.19016279875302
0x52ebD45E444a600370B48a59C888A82222a13F6B,173.19016279875302
0x4671489b255DCe10DD27189573141e8fbd079334,173.19016279875302
0x0592947E34a0F1bd7f500733Fcd769fd4c5d8f03,173.19016279875302
0xea36652d8FACb87D26B7EBdDF052CA5661785a7a,173.19016279875302
0x2484c97237f1696288B0F4883B5960811C3C3f23,173.19016279875302
0x4Db3b0b82bFB9F40Bc2Ec78af1867d0Dd5767C31,173.19016279875302
0x6e9b6B0a590dA835efb1011DD4731b2831695058,173.19016279875302
0x6859908b3DC6D00957D5bB562E84Ad4101a6c04A,173.19016279875302
0x5cD7B9c33fE449d65875f996da5Aa154747356ca,173.19016279875302
0xF29Aa0321a525d0D4C24E30FF92ee2b485096294,173.19016279875302
0x988F3B6974A77DDb33922e2cdE9B2AC358878803,173.19016279875302
0xcD7f6666D826B670ec60a17107e7045056d51afa,173.19016279875302
0x4ebd9a91907D4da4491aC3C89c908559e0fdA65E,173.19016279875302
0xAF87196d80Bce1C41aA7950fa0B9067C08cec2f3,173.19016279875302
0x63299B8201b32F20368E22ea8ab3995B39DeAf33,173.19016279875302
0x3f43B5F5195906FD9d500A13E1D33cD77A484cE5,173.19016279875302
0x119fA50395109cCed6bAD606F54Ec52d22B52773,173.19016279875302
0x125E7Cd2F6fC297D8FC764169cedA737D7E00b1C,173.19016279875302
0x4294B45B075D2E962F0204Fc5d5907B4ee9a7750,173.19016279875302
0x01dC3C3BA08d77388AEA3009c9d05fE0Cf042C27,173.19016279875302
0x3A1d0745F29cCF5EAE80dFD832E3be630A760c26,173.19016279875302
0xad3B2F9A13Ce4173BFfBcC48D5dFb1Db405e5b3D,173.19016279875302
0x838a9F780cE92a72F77801a94342CCF39f6e614b,173.19016279875302
0x7a009B58245076b4d50336d1B2e924dE74AeaE73,173.19016279875302
0x60F92B9BD1B69e9b38D7A707E58F597E4FF3a073,173.19016279875302
0x9b6BFE5576658B9ce662910fA4b5C50e3ab2FBCc,173.19016279875302
0x996FbF64362AF8c0522Cc9dD065CD5a15F119Ae4,173.19016279875302
0xD25B4cf5d77BFe96A2D2746Fb9bb02DFca89936d,173.19016279875302
0xCbd99207Dbe13755177e5391e5B2d484DEd086d3,173.19016279875302
0xf7bae368c4eFb0cca2a72e7d879E10264a5D50dc,173.19016279875302
0x832c9eB41c75Ce2622A033862304A4D522A37Fe0,173.19016279875302
0xE06F862dD7792421BF640736772C7112D23338C8,173.19016279875302
0x96c4CB136E7466dbfDA31f1d6D2f2D06F9667FdA,173.19016279875302
0x1bb25C63d786fe4b30E499f17D110F16b9F10f4D,173.19016279875302
0x43D9C11753c5889E88D11A7cF914Bd3849b32BAf,173.19016279875302
0x8c327B80dE5C35D44697c1D984b906a4Fd2E9D05,173.19016279875302
0xAEe4f53535d33852F7215251BC600eaec1129b32,173.19016279875302
0x68e0A59828654259549eCaf74743b83f9dA4B08D,173.19016279875302
0x4bF0f8BF4ea7359d93c6c42E30F1ca5AfB5Fc140,173.19016279875302
0x8B134Eb1DfD9befcf3BAd517436ccaFf2B97358f,173.19016279875302
0xA3DF103c31D1D48899d015149A129e917687af2f,173.19016279875302
0xFc61B1E7F1D187B6BD0736702784d46A16791e20,173.19016279875302
0xfd2Efc1c038390aC5353327A810500070392c498,173.19016279875302
0xE9Afc6a6a96D81A53d790b1dA628F3DCdA6e50F5,173.19016279875302
0xA680E5E8344E088E1e0B03Ed1bE0E46D6F72e5C8,173.19016279875302
0xDD2478d956e2DF149CF41012D368978c5A143d80,173.19016279875302
0xf509C8195A33aaFE144BBF60F8E7615c3C8c8714,173.19016279875302
0x0aE8fdff2476D55f61C0EBa1D312fAB5C115AcB3,173.19016279875302
0x90ebB12C30c0126F7d7eA28ca10c0A49792EBE83,173.19016279875302
0x8f0a130E25557F383cE13DdF269799d9A0094043,173.19016279875302
0x00DE01d52a65b6F13fe8F8cC5A4033dB8FF9bBAf,173.19016279875302
0xa979f581754c4830346CeB802a55a4EA62C9743b,173.19016279875302
0xA50382f3778cA27dD4c844BC7158cAf94754DF86,173.19016279875302
0x6f090C5757885fD41661c43f821c3cb5901Fe174,173.19016279875302
0x49F70d80AE8EDB95C106541798471d9286901718,173.19016279875302
0xf6d30D5a2D11134234E070aD18d9271c4B125F63,173.19016279875302
0xd2F4411739AB58189aA0D26FA5334240A6a6Ef46,173.19016279875302
0xAA15848bc071e5eDC13FEA8BcaFf3FFbb5c2F326,173.19016279875302
0x7069540a8900Df2213CAE36EF4E81eed6d40DE28,173.19016279875302
0x8C80eddCd2CDd02ab8B4cFC0FbF697E7Aa657cD1,173.19016279875302
0x2A535D8d583697205416Ac15548A51f816935533,173.19016279875302
0x30d7087c1F2e483d51C8191b798F8f5735b17534,173.19016279875302
0x79eDcD757EBDD627fBfA501666F9630Ff00C8d66,173.19016279875302
0x17d4f5302D75298e318CeF4929F76582487120C0,173.19016279875302
0x093Aa808dA95df9a7Aa731DB07bAf409Aa49dc59,173.19016279875302
0xf49B4485722f634250F985f8d1225e100E95F819,173.19016279875302
0xc37F00d11132d6cfc91d0660CEb377b6911AE0b7,173.19016279875302
0xaf0a159E15C39b371BFC661e8760Bb5e5919A538,173.19016279875302
0x75591E089560F1F390B2C88c2F37B9EE77bd6b3B,173.19016279875302
0xc71B0Eab17B0BF01C30F320B6ab0EEEA4f49b46F,173.19016279875302
0xa762a533A8597F5bE567B9068C8D4A4E32084D94,173.19016279875302
0x2D83cD2E6eFEaF99f8ad5827c7BD488044e49DAC,173.19016279875302
0xc750C97d7c1633c4B22FDA561013341080E3E010,173.19016279875302
0xeFD4A3422B3Dbe7af24b7d06174C000361aCa0A9,173.19016279875302
0xf47A78AB4386738f593c5c6b0212D1571D769c44,173.19016279875302
0x19fad2fe4eCe0B1d9Acbf82D534eA9063D40Db11,173.19016279875302
0x93B0E3429CBF07687Cd1c9386AC0a177c60C327C,173.19016279875302
0xEE26D256Ff5e7F0Ff2021Fe5D5D1D0d954fd8D84,173.19016279875302
0x78F7643546ee924f530d09B8c97508e3D87e67C0,173.19016279875302
0x23eb762ef79655E1D05cdF3D32975724A15086c4,173.19016279875302
0xC8ff9B879648F845F0bB24E01e6408DAca902dcC,173.19016279875302
0x69d500179ae676b950271E805f8a775b57017fB5,173.19016279875302
0x6ECe01709d6BB9C2eEcf9451D161911A9906D7Ad,173.19016279875302
0x50A0921Fe34b31116649b5047Dd2CbBcf33Afe9f,173.19016279875302
0xbfE171c63536012bce2A085271d9aAA93bC426eE,173.19016279875302
0x984d07385FF4800522204F67193bBb67A33F3B9e,173.19016279875302
0x50476d6fbC4Bdba11BEC104b5F93c49dA603e6Fd,173.19016279875302
0x503aA2D07609bb91c331bC7Df6FA1d5a9D1E448c,173.19016279875302
0xbB0Af21FfE1a38C9BeB1521702526500AD60d635,173.19016279875302
0xd02EBb804cf7614Ae8C0BCf49Ab6bc7d6913b4d6,173.19016279875302
0xC65b2805DC33A1FD647e1D72b45BEe1DfA8dB3fF,173.19016279875302
0x0D526bE2497cf7246eEb821AA00a77A5f7c5a8Bd,173.19016279875302
0x91fcAC274C7397039Dff11BaCc38566BF0eD3A34,173.19016279875302
0x07dDf292Ae679E77ec97022EA51b78f6D917a6DF,173.19016279875302
0xf5BFFf7082Ea5596E2565EFF41499978E97Dc534,173.19016279875302
0xC797D1B35a16cb9aC6dE46e87252acA44Adc27c0,173.19016279875302
0x2e5dced59D0eBcA420b15A6F27B60551835D8225,173.19016279875302
0x234dcCF72f114c48db8d5b5F6b410Ed2571D58BF,173.19016279875302
0xB12f9cCC9a8A215267C5198eefD053b0d9903a0c,173.19016279875302
0x5e09333ff2EAa9142414E212D6B1561D125AbBF1,173.19016279875302
0xDE93e694D438e2f90c01395cc7c8219E1d33fbf7,173.19016279875302
0x8F07173b619352C0F0Ec57a27237B1bDEf0C4C7A,173.19016279875302
0xdC28Db0815e38F899ab569B1Caa99A223CEB0A03,173.19016279875302
0x0D7B26398aB23A039ee88c3C9b00F7D2a4b5EcA2,173.19016279875302
0xd839d58d013365326bE5fA20Ba336CBAa9cE769e,173.19016279875302
0xaf8bA99dAC3556e9c28E27B6260C5A050Bd91073,173.19016279875302
0xBC2304398787541bb60A0fBFf396b4a712E5204f,173.19016279875302
0x9E77BdbD6a973029F6822C36781c197E0e82Ea72,173.19016279875302
0x5fc8978475E2Ea12DD66a3e2f86ccA7089117a19,173.19016279875302
0x4B8394D5a9183D113Ff1320ca44714d025432499,173.19016279875302
0x12347ED330763b002bF5d474e01D044C0Ae1470d,173.19016279875302
0x1Bd7cEe267B7FfCf1b9139FdAe2cCFD41b6665F4,173.19016279875302
0xebc1F826E44957eD34b6A750137a1FAff603A4eb,173.19016279875302
0x3eDE2Ef11675E4D6F5FE8c2DaeE9bd1Ce213c240,173.19016279875302
0xAaD602FDDF0aDB118C7207b8EaA0e47dbA3472aE,173.19016279875302
0x2593B4dD1fe4C70D6A6f727c9E19C227730cBB6F,173.19016279875302
0x40c9dd4137BCb6B55094d1c083756c1648F57a6D,173.19016279875302
0xC1FF23B6E13d9c867c72F1C2D26ee8df3c492903,173.19016279875302
0x7fD6AED7E4Fbee7766c5C7Dd8Fd7D36A92e6184F,173.19016279875302
0x9DfF74D4675B5B424B3e1213Ff47eA0fCa3A613e,173.19016279875302
0x9a435Ae61C173d22CB3A982b6CBF5F2b3d5D5B82,173.19016279875302
0x2EcC93b36972946ed909A395A5f7bC4A552Ab304,173.19016279875302
0x8238bc3A22d0058D02B1489221c2a7E7D8C4b396,173.19016279875302
0xfe443943f50FA4ECBD51EE0FfDC8231EF7d4Fb2A,173.19016279875302
0xc3Bd17A7aCB954ad8573ED6374Aa307561BA082A,173.19016279875302
0xF76c0D2d10f35f0d691b4cD6aFa60B782Ab47Ae9,173.19016279875302
0xa114c83527F726f9710b1D8EEf88cBaf26FAa32B,173.19016279875302
0x78A9296A354F393CA2CaE647F8A0cc6E0a447173,173.19016279875302
0xe26D1FD69F073e33b6FEF87cb561aB25e712B087,173.19016279875302
0xa8E6A22986D5A1ddD36F5648D0d0d3F42b8F37f3,173.19016279875302
0x26Ffc40c772599Db224A0bA77eA82BD98e19Bf6e,173.19016279875302
0x04A2bF9550A2409E3265350DF4D7e2B8360B65c2,173.19016279875302
0xe7a1ea17e286772a35AC7a14888EBb4338bc03cF,173.19016279875302
0x9C3A5D561AE51B5386026bAe49E50f68FA6B5487,173.19016279875302
0x19c1686caCe64dFd528A93eB15aa878BC5fCBd26,173.19016279875302
0x872B33E8021B7856BfCc7299Ae53EBC26Bad79aB,173.19016279875302
0xA4aa80e8DC7944baE1ef12f2283cD8F83a9dE48F,173.19016279875302
0x1E9b467B2cc6C0a18bf434d01ebC999b276B4b06,173.19016279875302
0xb4128DdFE6ad0B3461d94ce2d94Ce7B7664a0948,173.19016279875302
0xf0df856ba1ac8F1A11BaA8708B7c2D92cb4658B8,173.19016279875302
0x943b0423eD45F1BE4250d1DDb019Fe9c2DE30B93,173.19016279875302
0x3fB344CB7CB642aE3080aa7371a27585381733D9,173.19016279875302
0x854Ebe9856798369b7781EeF918fD9d6b8fd1c64,173.19016279875302
0xe5426c3203eaD97d1660eFcA4198cd6AE07e60AD,173.19016279875302
0xfEFb25a9e635572aD5AA6C2FE906C1a1C037cBe2,173.19016279875302
0xeE3b9b643DDF05368ac6abe6b0878F8eB85c1f9C,173.19016279875302
0x3a964621f29067e69d8e8B5CCDCC42F1f42ea93c,173.19016279875302
0x05F384610aBdfE6d7f5D3380B55F688B459DA243,173.19016279875302
0xCd5f9675387B14342bf11aAd67c896CDb9097507,173.19016279875302
0x6F1c71014049E506d4B58712B6d103758c81984B,173.19016279875302
0x6c6E302F1CBC535596C8fcC8e7663cE80caA34b1,173.19016279875302
0x7b1f49eAD15e015BC5A936CedE1E27fB282F3D36,173.19016279875302
0x5e88e4B74085764a7e503D7A5B0C19ccF7bfCC9B,173.19016279875302
0x4F72FF64A100C840dd082768b4843378Ae353E96,173.19016279875302
0xDc67fc7cE148BacB3982447839D14bdbE54F06dF,173.19016279875302
0x0936C0F521545ab78c309c2Ad6dB7bd4DCbC578C,173.19016279875302
0x6741bfaBF25B5F0319555E64c152EA889f00a2C1,173.19016279875302
0x50b8c17CAc8315C5a172aBDe2B2C865673017997,173.19016279875302
0x4F94B31aeB76d948229A86beEE82a9879F88b3d8,173.19016279875302
0xd2a785FB0C581C36b3D02f360A6522E8c1650E10,173.19016279875302
0xF19D45b54855836D19DCA0fCf80E6042F00b7045,173.19016279875302
0x16ec8F2FdF64aC5cF775Aa54C03aFC138Eb91B3A,173.19016279875302
0x97fA375574ABf7c3d436F106c977915Af0e38b14,173.19016279875302
0x7718D13BeD8f4e82bC5b381C15Aa20acE8f2A920,173.19016279875302
0x6297081051F07c3e4D56FF03Bc3CB8B3737Fe58e,173.19016279875302
0xebDB4aA9b795c2285566986fcB556D2c37Be6964,173.19016279875302
0xb951DD4eBf2cb1e4F29c33539c92F9005CFc5712,173.19016279875302
0xC66D84C895B0ec81C2BBe3B4313DDeD652fc254F,173.19016279875302
0x43059B82d1204bBA666653F8f4BA52217d00fEfc,173.19016279875302
0xB0C84eeb2cD5Da7aEfAE44474FA8be195670Ed8c,173.19016279875302
0x4c598AB04E5464572d87AbC7E2e118546396818e,173.19016279875302
0x30c5834d43614769c0211d91fE4eA4c2F0C884c7,173.19016279875302
0xB1df572e08d7723C8dbe40b68E3418acE69e4998,173.19016279875302
0x550e8Eaa40A3757A118F455a79aa81b3152d00DF,173.19016279875302
0x8a7e773322Fb8B8712EEa1883CA767E756a3235F,173.19016279875302
0xd619294935DFA1465210eFDEEAEB03b26a526faF,173.19016279875302
0x66aCB5CF00638d8294f2C2cA570f4aE966A2768E,173.19016279875302
0x5EA0F753C1d1595F63ccE03A60B56b843DcaFa44,173.19016279875302
0x42789Fe3739fb7B9Ce9900334b4fE17b009a9aCA,173.19016279875302
0xea3aF66870a48351D94D75f12bd8c1C9aD7D45f1,173.19016279875302
0x8DB099AabB15BCac4E9E9F4cF35b535fADd96B57,173.19016279875302
0x1c3c742B61A97b5D3749fEF25f2670Ae20D758aC,173.19016279875302
0xbA4c3BeB72AC88f34840c3e8279BF8f589156e19,173.19016279875302
0x93137699839589F0D05E1f94a632413CcC88F14f,173.19016279875302
0x2B4054966E046af04Fb1bbdF73edb72a1E43B9f4,173.19016279875302
0xF5397afa8F709139D9A431617d094d382052eA28,173.19016279875302
0xCbD4eaDe18a91c734AEa82e93cc9418B22eE9DE5,173.19016279875302
0xF72E2b23C955aC81a02EeE2022e0A4BFeA5675aD,173.19016279875302
0x7B7C056F494680793a3bb37EfE4A039ba6D12660,173.19016279875302
0x356d7158d3E334BF2404A4390796B7C9A3a8DFd9,173.19016279875302
0x9F1e58ad68d3B126245782480fF3b3b72aAF60f1,173.19016279875302
0xB7D7c3F56A20dBAA1F6F9728813C937086932cB8,173.19016279875302
0x7da37b07a3bA5350c217F72777BB4188f82f7B89,173.19016279875302
0xD85e7FE7Ef8A6290465E0e0A60524eeaAc4ED4b3,173.19016279875302
0x245f944bc939E40FC71AE45829eb3020674B4cF4,173.19016279875302
0x5afC9bF2b79dd260BD996ECbfddcC17b5C526091,173.19016279875302
0xeE5E54Af2645F6cC11c85f6c41fC321503d4298C,173.19016279875302
0xfD3F7effF6a770eA22b5E06aA12bc5CBbD18c200,173.19016279875302
0xc5c82C7d21914bcb6c4fb467B0d8EbA412A29efe,173.19016279875302
0x840F41B51a4CaaCa29F5de04d9C6776242EC812D,173.19016279875302
0xd313A5C70FF071e528EFd3823111Fb90C980fb42,173.19016279875302
0x30eD893Aab287e2E77f10A595883ACC02dD3E953,173.19016279875302
0xce5296dc2F352d86d368B58ae8D8266AfFF9750d,173.19016279875302
0x3300416752aBD6546003939c1178D6849670DE15,173.19016279875302
0x47004167AE38fADD66195A5FDc9D40A48695dA8c,173.19016279875302
0xc84A10E545e6818222c00C498B5EF27eB8C99a4e,173.19016279875302
0xC967082971515c9098Edf2364AfCD94a29e625ff,173.19016279875302
0x4e77EcdD05381104b37719e3282dd732d125961c,173.19016279875302
0xca859fAc60CD56cD636Beb8994f46Fe91f04ffbc,173.19016279875302
0x4405C14186b4DaF77619e24A96565d136Cf5BB87,173.19016279875302
0x7Ada706bf5eeA979c4d7aC54C7608B6bD8A38C0a,173.19016279875302
0xbCDce270279ed3Be76D7105d9bb4C4053d7c3775,173.19016279875302
0xD23479f2CAEEc7d8E0eF80F137C5b2757AfA5715,173.19016279875302
0x0B579e2b0c5E6d93e6e4Cb1f226304Ad9fc6E3d5,173.19016279875302
0x63E735d167c5A0D1f2f4c666Af1a02DB481e4009,173.19016279875302
0xaF679Fd63B0218CaE139845F5e8349652a010b0b,173.19016279875302
0x5FDf8c842E0a9EFa0B352A72E54D9C5a1466299E,173.19016279875302
0x557407B64a7A0d784285fAC5290f4E071d193c4B,173.19016279875302
0x9375256cCEa4111AFC1695C5114A3B60FBBE8Be5,173.19016279875302
0xF1780c5D3B7f6360feA37AD8C5d706d953e3897E,173.19016279875302
0x176D5Be74360EE3f264C743E1252F725aA661F49,173.19016279875302
0x00EC5E8a5d0151e2457736263ee592EdC942DD66,173.19016279875302
0x0a701f7bCDb97841F6810Cc519B169846D8bB96E,173.19016279875302
0x566b65A8262aBe29AfE83Ece63a72839f39Dc613,173.19016279875302
0xBeF27A5d48b1066E255DeA8aEF4C526D44A64725,173.19016279875302
0x404Bb999452955e8b2C2D79275BE1B240a629D7c,173.19016279875302
0x9b5a7a878847D5D92FBF55Ab9975C1dbA340527b,173.19016279875302
0xC628ec2808EA791774825a9234c0c6f38cF9Eeb5,173.19016279875302
0x856EFa64316150949db91833Ae5ca61091b06CF0,173.19016279875302
0x9ACdD1C6dF02BB177208488e577dbfb447C4E3AE,173.19016279875302
0x10A890F989F803215cAa77509Ac7E2036aaC57b3,173.19016279875302
0xB7C18F85916c4D222d696CCbf84B9f0b18a9a584,173.19016279875302
0x83D4cb72725aA7850C30256fff9F626f279Dc3c8,173.19016279875302
0xf3B91574B077b56954982ff8575aBa74797F0CD3,173.19016279875302
0x09A9635468aCf109a88fa918980ce2B0c9F5D1D7,173.19016279875302
0x75694c9916C2DDC6C0b9cB0d25d27a4B1DE013d2,173.19016279875302
0xFf4850BF315dd8801BE7FbFa93053A34e46AF36c,173.19016279875302
0x03DD785Ba956EE9a51fC09a8a58701464ccFd57F,173.19016279875302
0xf1FA7DEBbB9CC57A2dbba9B4a76FaeF8D53c27AA,173.19016279875302
0x84D83961AB12BDDFc5a335f8116cC2748F0382cE,173.19016279875302
0xA14353E3A224C5C7d0B93FF03f991BdC32bF2865,173.19016279875302
0x98153bc007196ac789E37A8aD46A212831625C03,173.19016279875302
0xA282344D0E10Ab4620c179abe88687630AdF32b0,173.19016279875302
0x924190644684562A3A3B177828604f4F866589Af,173.19016279875302
0x6e469C65B90d7823F6E9583BE6EF3ECecbe21082,173.19016279875302
0xd182Ee7DA37C936C56Dfd4f562D368C0ecDEC955,173.19016279875302
0x2703fd78051f2AC55D3a0B6f99c46594bB4b8684,173.19016279875302
0x1F908EaC5C33ca8FA0752cA665d2c47d79550802,173.19016279875302
0xb78AC223fCC1e335643483a31c3fc5f76878C0D3,173.19016279875302
0x03c6EB24c597be50C76ceD1F7844390a7Bf542b5,173.19016279875302
0xe1CB1C5b148992390773F77f415eB256e104B030,173.19016279875302
0xe0c033fd2c66c62D0EB9CebB56e6754388c95e37,173.19016279875302
0xd0BB741F1dC204D1fA09DB502370cfc55BA3Fba3,173.19016279875302
0x8b1F92E7677bcEB2b3036a7c04d7A7de43520eC4,173.19016279875302
0x2de0BC6A3122462C993a33141d5c2A60638C0B8C,173.19016279875302
0x569E2BA91bD3d181fe60F2B8419FDaBeEDbf93cD,173.19016279875302
0x58D163987074d8201462E8d70472D6185320Ee0F,173.19016279875302
0x02f6E28E729D72c73d1A33E928AFcc011a90332C,173.19016279875302
0x71f2f2EB6AB18D5e2F3Ff6878cf6024f30F47B49,173.19016279875302
0xA0848a07AA510c17a43d41625401AC035883afae,173.19016279875302
0x530692188068b40a96C85298bBabD883508b3E83,173.19016279875302
0x66eEBd9C8455E24B970a22071C1a6Bfc0a12FD8e,173.19016279875302
0x5fca67273830C87F17Ec8160703fb4990D17E5be,173.19016279875302
0xA88E5dB43C6bC762Ff265dE4Cacd834F940D8f71,173.19016279875302
0x1d5777D4B1ebEa5EDc063aad96eB532d139D5e8f,173.19016279875302
0xCb42881cb85C66900a4adbA026157693dA2F3fda,173.19016279875302
0xAAA8b9f328BB5dcBD40C8703b927618Fa04536e6,173.19016279875302
0x35f0C5618Aeb5a343399E6E6B676d4162AcE5013,173.19016279875302
0x812bD47009fd6743cDC6E2D39613C9c8f5e930e2,173.19016279875302
0x6Fd1E5F62600a6C9DE714e937D5F9E566009c590,173.19016279875302
0x9D9cC31125434Fe17dEcEa8c71E1be11132954a6,173.19016279875302
0x892C75344AE45Fa0FB56B0731cB0693F04EE63D1,173.19016279875302
0xB69D06a8964642603d78db1b6B3dBd7d8ec5321c,173.19016279875302
0xf2aB911843b786a63C46Fae829403fb0601Ef663,173.19016279875302
0x5A31E54bC5B384C8E36Dd1d3460d4076A3bD9267,173.19016279875302
0xc63Dcc9c2765421De40973848972A7F24329e4ba,173.19016279875302
0xAE3EB2887D5857A94F5e34CFf21D28999dF0E0f2,173.19016279875302
0x88DF5456FA6792c545021F4276d2Bb69e55DE7D1,173.19016279875302
0x068459B4ee573A6bC85637a814FdcAE78e59d70a,173.19016279875302
0xcd619e3A90Baad722A0A2526aA6aBcb1B96553C7,173.19016279875302
0x052275f3eb5c5a669DE28100fca147f2C682cE36,173.19016279875302
0x14Be2E5d58F230dC1662b669c6FcFD1f01F40274,173.19016279875302
0xE1eCE1a9e841e4bBd71b97A66F7c71BbCbfE56b4,173.19016279875302
0x9935DF0E87565cC5a1feD73BfC5C7A521E09f17C,173.19016279875302
0x1A3286195B243e2161a74628FC599e1Ab723Ade0,173.19016279875302
0x9118D0b3D33A7013D46ce20e24B6bd802274A38c,173.19016279875302
0x0D59A76D57085615Fe49B7Ed955f7932071F1c71,173.19016279875302
0xFAA754D29089584303Cc67C14F978930EcAb248f,173.19016279875302
0xC8E529A35225EaF29B5e9a13520e9Cb2eC68AAa7,173.19016279875302
0x5a10cDeB3AE4c4cd52E2EBd27D79d818Abba8332,173.19016279875302
0x2617A414EBE0CF90b4b8A606D7A32c478948eE09,173.19016279875302
0x45267Bd5bc4EDc8cC6D648B725DBF444D4a64F9a,173.19016279875302
0x7a2960E1A3BF594eD34e9175DBC8556Ea8a4C6F9,173.19016279875302
0x6E1c41a80DF649444838F63Fb255542493Ea33ec,173.19016279875302
0x55a45b7A88Aa9B9B562c27F507E100BEa6EA22FB,173.19016279875302
0x7Ad95feC20728104e7c1D7CB40D4dB6e3ed025C9,173.19016279875302
0x4300335Da5065CC78AE4B7a23B095582BCB955Fe,173.19016279875302
0xB2B92bA3e10ae8ec9Ff03A0d7c1351662E07E007,173.19016279875302
0x8EB32689F64BD9FAF96638dDd523c075f75348d3,173.19016279875302
0xBe4f89Ed7D7c465f339d19eE1C94508cE8c476E9,173.19016279875302
0xeEcd355E4509Ea30236801339b4DfAD22B96D5f2,173.19016279875302
0xFD6FEAA5cb0ec531764f2ea54A83A271a6813B78,173.19016279875302
0xb7dA37ee44F86930dDdc51a17F1F8De76ffb41ea,173.19016279875302
0xE3eDc2C6452efeeaB22CDbA5221822c2110391A5,173.19016279875302
0x160D50925978B3682690FC2bFA147411EE5d8c7d,173.19016279875302
0xBbdF37bBd084B8Af202FBB2c220E55FD668630c2,173.19016279875302
0xFe857F65955b6558c9D8Bd178BDcE3C3477B664d,173.19016279875302
0x2fbCa7508D72e38D739dbD25546d1F163E8Cd560,173.19016279875302
0xC67aFFb126b7B370EB95F978856bc76623fe73eF,173.19016279875302
0x50492CC22e8AaF2a2f0CeCf2244d982430938104,173.19016279875302
0x1bE488C05783468d504304A308C498930d6bb87a,173.19016279875302
0xDBA07Da46FE5f70338b6Ce1329663BF716BF7b05,173.19016279875302
0xd6cdEB9E0A8BCe794930Ef47F49F1c87dA30F385,173.19016279875302
0xE5087B179aff7EC7978483061C897b425f00872c,173.19016279875302
0xE384A1aBc2D7658FC0c51b22190127e809e54AF9,173.19016279875302
0xc1D7471794BE8C5aF5Fad61Ef0E81CaF6Accc336,173.19016279875302
0x2cb2d3ad59d97FcF2Adb02e78a37B2fB2379717d,173.19016279875302
0xE4BB462B60B6988CcD8d46CfB8E7D26722b36D5A,173.19016279875302
0x9b5De75fcF95273Ae8b9A455BC7d9369b8D0D237,173.19016279875302
0x83E2a7148C6E5707341c095b2DA6fc5191f544F9,173.19016279875302
0xE3c29885418C496819f344415b01fa1dd0516098,173.19016279875302
0x154Eb565e0f7250042C2035d438e0a471Ecd7fE1,173.19016279875302
0x9DB6712820BeB145c35995BA4721Bd0bb5a446bb,173.19016279875302
0xe04b395454f1ecF07F2DB118Bef86284fC9483d0,173.19016279875302
0xDb91347A39d2165AEdA2F447A6d4b6a93f043570,173.19016279875302
0xE858c22D7fe328Bf9F592fDB93e48B7bB143eEE9,173.19016279875302
0x8a6F6ef8fF848de45fE97059e37a5Ae75853329e,173.19016279875302
0x76DbB6e7AF3135E55524EB28eAfAa42DD257FF89,173.19016279875302
0x2b7565E85267B056F1Eba45B4be0433B37F02d67,173.19016279875302
0x6055696eAD4dfA262Ccf352e92eED07eFBE2B46E,173.19016279875302
0x075B3B5eFfA58297647da3a4c8eBB5C4644E7369,173.19016279875302
0x9958289a54bcA744cD3d01ca9823d30A3EFAa1A4,173.19016279875302
0x453f1840BCf916CC25C90fbb8A77f85c6c67ae90,173.19016279875302
0x7209Ea7daF40DCc653C84c1fCe4135df0E494176,173.19016279875302
0xC9E537c6A0f38615826D565c77B97ce6cb861DfF,173.19016279875302
0x58C4B233fE636AF67246239d4c70165D59F53892,173.19016279875302
0x88b8F6Fb70dCf186e1Ec30Fb9296962FbA9336ef,173.19016279875302
0x7661B1aEF2A4c43E896ff190c1B8E27dADDcBdca,173.19016279875302
0xeD4ffB8764dFA01cf0460E68132053CfE2D9a10D,173.19016279875302
0xac489B265D12ad6Ad9AbB20c9036717FC4EA91bf,173.19016279875302
0xbe279Cf7a8a72f55c8bA4D288f615BBDb81BcBc9,173.19016279875302
0x5D8017b1A1Bd6Cb03d83028DEbBF88f89CA31b14,173.19016279875302
0x8e5D1B0C81FD7267C18392e024a1E3B8518998f7,173.19016279875302
0x51b9b10B4Ef952529A97811269A188481A5e8679,173.19016279875302
0xF587B2961D9067E0dFd76a72fc179b2efa7AB341,173.19016279875302
0x7B143b626EBfF4aBf0F302A556574431152E0827,173.19016279875302
0xfDa20177ff245f4B3987aF8f3a828b1a8380c0CD,173.19016279875302
0x42C2AAA210692EDE9496879358f075953666acb5,173.19016279875302
0x9640AA080e8F432122A096896Ad2031D419215eB,173.19016279875302
0xaBFAe36c9D322FBd7619EECE7afE2FBBD6f83B45,173.19016279875302
0xFa346c186a38A02c6029df76D2e1f9908e8BF62d,173.19016279875302
0x29d74Ca516CeD3e603865c164FE3A216CFDCcD79,173.19016279875302
0xdD98C07801b11B44Ee2f7E3931311553284905aA,173.19016279875302
0x5c7415E2fB5783c828c23dcEfA44b0FfDC548C8A,173.19016279875302
0x8Adc44A930Db237C2672049c18CB2e4b916aC48D,173.19016279875302
0x8fFaE8f1dAE9285319ebab23B24ace1287b3dE64,173.19016279875302
0x2374fC1bAF66167a43A16e91Eb49A4aF79A28eEB,173.19016279875302
0x9b5fE7912d8d4b8DcCB9eac042Eb6b64F0020E1d,173.19016279875302
0xD4373b3B7d11B7D21cEfEC03fDAFE87E47825608,173.19016279875302
0x0Fb62c1a41126F00c0F598f6E3f730968bE99B67,173.19016279875302
0x63570Adea4b9cE1Eab476cCe4AAfd68c31d1EdDA,173.19016279875302
0x66a8Acf597EC1f3d791CDa74F4C6EAce72F5051D,173.19016279875302
0x5535C6bd37D2F4F3eD1431167bf42c5D568006eC,173.19016279875302
0x04150266Dfb2b8A9CdFC9D2bf5086d00cD3187E2,173.19016279875302
0x07a3B31dAB7A3dc5eB640bf3faeCDA14b694B2DC,173.19016279875302
0x32A0C7994Bb5B39614bA44b24c0ACD3ea027033B,173.19016279875302
0xeB72F109ad3ddA8bB76154E3DBe11467abAb432B,173.19016279875302
0x569F0240D62AE6E04d5c47db784d3E9FD2fc974e,173.19016279875302
0x439Ee239fA6A2E3884360180b38E5557c58Ff225,173.19016279875302
0x6F06F86B98d78775ca77fF7A6a35D1f1e3675853,173.19016279875302
0xb7CB19199B52569fb64676fD27415a6A1d5AC4e8,173.19016279875302
0xE5d3Ef98cd9b5Dc5DC159A31d0D3F3649B7Ff418,173.19016279875302
0xaDB50cF343FB212cB44f9DCB4404Bf114fbeA1B2,173.19016279875302
0x8e485FFfcf6586e88eE2E627eE5e63E726C7A49D,173.19016279875302
0xc832b597a92F4d9b6D473f9A1d36d879a690DBE1,173.19016279875302
0xd00472933BF55ce2aDc8AC0CADDA7720EAF66134,173.19016279875302
0x75aE8b22afeAA751bb83D82726D95546fd0d2421,173.19016279875302
0x5a0ab216ebc1FDFB918224F9C32bBA89b011c64c,173.19016279875302
0xfC0d6BDF7c7c64Ba5C73b0A0acFfbF98E77f74Ad,173.19016279875302
0xF0a769A1f8BCA3eE340C4f1971195d032DaEe55B,173.19016279875302
0x0384783b8F4e8524871bbC67528bC3D2AC734e86,173.19016279875302
0x06234a06d1b84f7af8A553D8cC9c3Ab63D8FAcFc,173.19016279875302
0x3211c9A4628C71454f9f3a1ad91ef7D6704FF1a5,173.19016279875302
0xA94be8ff935088369243106162a259a54F77CE1A,173.19016279875302
0xE09075e9B744a33d35916Ac30055FD550D96b090,173.19016279875302
0xE3668c7BA5cfEed7529eE67914B029dcc90077FF,173.19016279875302
0x2Fe107816C8f5d81931eA2aA53D95E39f265565C,173.19016279875302
0xFa5F8cb5237Ac09A6712A441e2d6c84C3d36703C,173.19016279875302
0xB9D85bA917923cd900E66bE875036BB43fC1d668,173.19016279875302
0x1F283cf2410CA5f91b06f07AdFF813EF5A89e38c,173.19016279875302
0x0556815f14B2a6D15AA54EF987FBC8B5C1d0B670,173.19016279875302
0xdfa038FaB4821a70D8917B0554a3AA8EbA853d1e,173.19016279875302
0x290bB105048e0743A23aED4A61124a2C5D5A10AA,173.19016279875302
0x4bfF99750D644f7C39823Ba8Ae282bfA8B6AB8e4,173.19016279875302
0x594fD57a36d078cdBC92b1359381B8ebc45527C3,173.19016279875302
0xADba930a11dBB40A15FaE3dA0f7d2b2a2C4F41e2,173.19016279875302
0xB1883F9fcEfE025E44B224ba7a7686656B2e528b,173.19016279875302
0xD60d4C47276c4A8fC83Adb2cb18E5f240C3bb802,173.19016279875302
0xB84EBc61c6f2D2D20253a7a241023A5e0bF08A73,173.19016279875302
0xD72B4108aD41dA9F5A4BD6849F31765C76eBBe5f,173.19016279875302
0x4A76f49C73a6CCC60b3035c3001182Cd081706d5,173.19016279875302
0x05A9E541bE0D38a4548BAAEBa82b65E3baa77d62,173.19016279875302
0xC4a6Ace58b40551ffae2Fcfb077465062D443c93,173.19016279875302
0x6729Ce1064836aa7b5dC240e19C6005885E4dB40,173.19016279875302
0x6a838ca38c5339af0d4b04F6942D7E03dA524BA2,173.19016279875302
0x286096A5054e560FAa2fa1B378C741456581030B,173.19016279875302
0x9A50711a6ff0aCA54CDF4c1DAC1c07EB2521fbC8,173.19016279875302
0x89802C3bb99a1C25227A1e46d724Cf18feA9dCc6,173.19016279875302
0xF2619bc467412d48f39B8f931dBa3fccC897E9be,173.19016279875302
0xDA8027d238CDF0F33633afc904B5852c50f5De39,173.19016279875302
0xC6a4B2a9B637e01eF3dBF8D02D9d39ff252E13e2,173.19016279875302
0x0f294707b17675FE48471903bbB693c58B678c28,173.19016279875302
0xc582C2b1242dF1C9Ce4f41c1770AA7Dbb459AD59,173.19016279875302
0x504Ae68C4BDCaB88c474eeF12Bc9c8CF7Dd56156,173.19016279875302
0xE6b4eCcB8371d36F688f18117f2eA9Fa377E67B5,173.19016279875302
0xbb0c53694628851f4568ef2a0f823dfA408663e9,173.19016279875302
0x8F7611B9c72654652A3d2fC9ffDB5f5601C0b5F9,173.19016279875302
0xC8A7E1e5eB043B42b1A179EaF2a61a993D11bAbb,173.19016279875302
0xb4692707b0B8C4A24662245299940c7CfA299CEe,173.19016279875302
0xBA41F6199cd359d1CB1e5AEAE6Beb7dBA7D3D14E,173.19016279875302
0xf841090d764edf22ca4f7DdEbA5eAb2D0C60e72A,173.19016279875302
0x5Ec8353Df98A305641f6A844d5CeE3E5FA139A27,173.19016279875302
0xcF6e4ce7EA91179d73f3D9ab18BE9709fc61E7C4,173.19016279875302
0x35476bA64411D9F149aCaDe3794a1C74f36FFA89,173.19016279875302
0x03e0b00fc93a7883Fd342Ae4b27eE2259B4411Ab,173.19016279875302
0xE0B3033Aa4790EB43D2259D6AB30e541A17DD53a,173.19016279875302
0xB415Fd25afDC5923aC01e12a41d53b0b48dE45F5,173.19016279875302
0xDdB6790cB9842BaE138cF38Cc59490ee7348670f,173.19016279875302
0x30f9b9316ce517b6F5C3FBC42dB004bd387De861,173.19016279875302
0xF122ee7Aaee966e41C9114a42c80000d28533839,173.19016279875302
0x44C4fA2eAD43DFFbE471D09f4f78C1450D8655b0,173.19016279875302
0x4C5156D81Ca58A558d0b50B8aCA603ba2f2b2cd3,173.19016279875302
0xf38BDB01Aef76cFD3C1D40567e3103039eBc82f7,173.19016279875302
0x3022A98D1F319cc5755f0235887F5a960dcD2Fe4,173.19016279875302
0x282e10b77E29dddb6C3507A5c9C27a966Ef505B4,173.19016279875302
0x204D7acEDEBfAe46496fFAa77b43015976608233,173.19016279875302
0x5EC39f5d313f6Eb81CA760C33119fA7977Ed7be1,173.19016279875302
0x8B6612DD310B6EE884A880046f19372CF4B767aE,173.19016279875302
0x69602d95338776b36B0a7fEC90Eb864382492cc4,173.19016279875302
0x9a45F315139916348bEE39532bfa449447c9e38D,173.19016279875302
0xaeE4F9d238A342B60659fbBb89DC874FD3fb3f58,173.19016279875302
0xce8732e7B6026d0e906872B2Ed587DfADAbCca61,173.19016279875302
0x18C420ff40F3A820ba5Db4266d973189bCdd8dFF,173.19016279875302
0xe80FB95b02236b8f59D060999317baD2E41a6Ff3,173.19016279875302
0x96c512920FC6a91438d3474D58845fe9AD0f4F76,173.19016279875302
0x70D0c6286F9DfebD0FaCDBd75271e7b290d4A907,173.19016279875302
0xfD33d6B597094233596421f536b1b6E34285Da48,173.19016279875302
0xc0e0F5Fde5bCA6db91b627a951256D9C60578117,173.19016279875302
0x9C2992E41D4B31178bf205a19C9944c860BA4EDA,173.19016279875302
0x66508518bC874EF438a56017b19aeEf6207Fc85A,173.19016279875302
0xe1E733237054FA45BA550EB833b4D48B88627b97,173.19016279875302
0x5f714C3D67dC6DBc955C427Cc56aCb8Dc2fB0D04,173.19016279875302
0x00c4C1CCB0De1ec5b7C4AE0cADc7E626aFb3A7EC,173.19016279875302
0xf324C113997D23418B70211822D2c0e720bD52Ea,173.19016279875302
0xFC1478F9ECCf77A319573DE487Cc1db04f072b37,173.19016279875302
0x3BeD1BCa64f778F41561e5b76eED94fEbd83Ed89,173.19016279875302
0x969e13192da406c15aE491f366c05930E784FCfc,173.19016279875302
0xe6551139ed05dfCb4BE6EaC28804Bd74E55F2e3b,173.19016279875302
0xF02835a8f0bEFa178b2708F529fefC3A1D9a1e0b,173.19016279875302
0xc3609560a3Da8aee9b93b3a701Dac580B45feb03,173.19016279875302
0x4fF936eD3120eE41146B9B672320CacCD5DdDaD8,173.19016279875302
0xF66Ad8Ca0Cdd71f116e7483382294dCF7E220fCb,173.19016279875302
0x7c3421212CfcbB1F09c59842e6A0E21ba8c1B17C,173.19016279875302
0x3F75E8996464A5c5368Db423b9181E14bB737fa2,173.19016279875302
0x612016DbF2138845a558565Be9B9441A2b083EA8,173.19016279875302
0x440C7a3ECD13f7787a0a256DAe9C766cdc29f159,173.19016279875302
0x8C68521573675ae7988C9dbF5b8e4B3785c93aCe,173.19016279875302
0x66aEd5DeDE3071F0C66fAb936174797c71391066,173.19016279875302
0xF5755DBF3A22433405abBc24CC66beB65160baA6,173.19016279875302
0x526a440cd235D931Ec49357A73Bd7CD470F81342,173.19016279875302
0x038a8C87cD9Ddf85Aa60D8B72A91580330769D04,173.19016279875302
0x89F9329ed03cB40aFe45e5CB7988B741Ace53Fc0,173.19016279875302
0xed0975216169736f3ED8e519c08d364a7569146d,173.19016279875302
0x9Ebc07A543C2B46DE530c7d110Fb8E5B3d91aDcC,173.19016279875302
0xF4a6Cded8017C60237ade961C5321017Dd1D30B2,173.19016279875302
0x9300366F77B6C960C4F906F30E9E08be4Ba89B7f,173.19016279875302
0xF8beF0E0eB74582446FE7a954A79c4f0cf51778f,173.19016279875302
0x4C1871712A3b3266eaFf948d2268906b7A6B377A,173.19016279875302
0xFe1E8554c5A6422592C6165dC23d051D470cA138,173.19016279875302
0x8c6B6B7c98FfF662390059E2FC2B14A019d59cD6,173.19016279875302
0x7ADec7abD0f287ABbaa66Af7eB244ABE9575076E,173.19016279875302
0xD21B7e460B176173ADFB2D137878CeCeA0DEDAed,173.19016279875302
0x3Fd56BbceDC09C84BDe18B28314aBA5343abf998,173.19016279875302
0x1C9e96D6B7f6CE7A41151b56171Fa0C6884cAa13,173.19016279875302
0xe4bc328ca14BD89C18a9007bE31025Ea91AF39d2,173.19016279875302
0xD5Db6d5DF09a4Facc23919c33a51B845b996D07F,173.19016279875302
0x61034c76052A0c2fe70F300CAAC1a2C3d3f4acB1,173.19016279875302
0x424Df527840FEee82cd71de42ca026e6029E5b8D,173.19016279875302
0xD353CC2767250FDcc0B11fbccbAF392104AB329d,173.19016279875302
0x910E150C354b3Bc17522c8D3c2b05F285c9B6609,173.19016279875302
0x0d0D620C4EEBc665A994c5E3E053c5740e1645aC,173.19016279875302
0x6A9E72Fc632Df33EE213412a1cd3fA3D26f63115,173.19016279875302
0xAe0406156441C69E32f28974B14fF00E39964EBD,173.19016279875302
0xC29F4eF485cEB87d3847885E919a8E737a7Ad96b,173.19016279875302
0x834488A1010919b4247f6B2e2Cb73B0a479c5C65,173.19016279875302
0xb9dC537595C8d97350263c1056E14fC00116211F,173.19016279875302
0xF3e1bDFf9Bd2988c670BDacD5936FB6204052EC9,173.19016279875302
0xABD7ff8f75E4D89E4a5Cfda3BF1E44C6d255492e,173.19016279875302
0xff41684766Ea1287CAF8EbfFBc18D508714dC249,173.19016279875302
0x1ACe71C3b3E768B9c7A1BE900cbeF811DD895525,173.19016279875302
0xc59A30493368304a4B8978a53560f6220BF7D639,173.19016279875302
0x07D3534962D0eACc68aE56FCB4B64B13f1FeECbA,173.19016279875302
0xFcE04E77f4b14c5391eEeCa70Dd71C2756a1a093,173.19016279875302
0x82Ee76ab48852C0A3a161204e9bb251c803a7763,173.19016279875302
0x7457d5678b428446B098F247d675D0493a5390F2,173.19016279875302
0x3320cd29F53cc8d4330DDe13e392270200b80199,173.19016279875302
0x3d3cBB72a11ED9f2568F186756198DEBBFb749f4,173.19016279875302
0xa400D3e2729A3F98a887F7D4Dc2AB71000AfE05e,173.19016279875302
0x9B4bC88208bB938747d2c4b09c22743441AFdBD5,173.19016279875302
0x2dEC37A12413831b49cf1C830c2766665f5604B9,173.19016279875302
0xCD12f30ce73850ddfBfFE4585C0bB21a00c8daf3,173.19016279875302
0xa224AD71eDfB51c4d1F0aaB31c96ab9FED6fDcC8,173.19016279875302
0xbc87061b8b07FD85157e89153A24F5EA17D4E6C5,173.19016279875302
0xE44a9790E3a00f3aAd11CD34C6F66743d23014FB,173.19016279875302
0x0c28b72A02b755531Cc20a1f5EF7b09F05C2b575,173.19016279875302
0xE972CD7B5eDb12D126dfCE3666F7a3ddfCA738dF,173.19016279875302
0x60f30426b5895091417B0Cc82070bD273f8760B1,173.19016279875302
0x41cfCe973d1Bc8DA9401C416BA3bA4F484Bf5680,173.19016279875302
0x579Cd230547C993db547086B6C37A0f495500B79,173.19016279875302
0xf129D95BAcb1BcA3d07e51418bE58Abd7a634685,173.19016279875302
0xb138093F14FD8E35C52F5D98fd4eE26FFf372340,173.19016279875302
0xB02EE523ba0520b4f4FB835990178A69C42fE422,173.19016279875302
0x04942dB219119bBEED22Fc8C68586941C05b68c6,173.19016279875302
0xB821b9B633b0f6A3A7Ccb4dF6f5bd8eCcF9e5dcf,173.19016279875302
0x77D821080A6384D4Bc5455C7186903D87506e7e4,173.19016279875302
0x32D420967f819e0f79514cA5235EC654C960b612,173.19016279875302
0x097804e751925B420B44635B34aC3e96f95E4740,173.19016279875302
0x5f7dD97BAD1b75Ac1d5D885d5bE3C543e2DfA51C,173.19016279875302
0xC46aF3A125E2b3897b8ae8B65987A8fA6b68C4b8,173.19016279875302
0xa665ff251A57842175b14ed63143205569241210,173.19016279875302
0xEA0a01b7f6189EF242Ce8f2381d72dBB961147c9,173.19016279875302
0xa0D17810644F434Fa1e1Ca257c5a9f7Bc8F8E1B3,173.19016279875302
0x28E0F00EFe5a683E22Ef387394492F01879eE259,173.19016279875302
0xE5305f7D44537D2A3FCFa69e55cAC3223b903E95,173.19016279875302
0x1799E2258223BaC9E2377df0526223A8332A2B01,173.19016279875302
0x37D3af34fe0D131a2f05cC129D60187c2f7D5d0c,173.19016279875302
0xdcf09923b600409BF4E5b711435cf85c8C15732f,173.19016279875302
0x0710c5831F6a6d302aF8B160Dff52a05bb2b6FA9,173.19016279875302
0x51025EA07922c00916768D84f50BaFe345CAc44B,173.19016279875302
0xF6c62b849C9A0E47232f7FBC17DC07E67504E5eA,173.19016279875302
0x9e3F27d6a92405A59e434488d2bB55f73B10a928,173.19016279875302
0x632d9992afFF6e84Cd9a9b2a0e9E983F598704E9,173.19016279875302
0x4A03D92AE89eD35780635e02fdB4B20AE5a87C4A,173.19016279875302
0x7929A7ab4456DF5F98bEDEB94dF2de97e3878EB0,173.19016279875302
0x8ccf02f60d4bf4f8Bf56eDB0dFe4fCf043247a4E,173.19016279875302
0x5950607eA7a65B00578A8F84956b43a5c8E2A01d,173.19016279875302
0xAa377bFaE8EDD4D72E829755315A2c3b9D8235d5,173.19016279875302
0x64871041758dbcF1DCC5a3c311Ab7137aE1FdD49,173.19016279875302
0x18cFF68c39B69016bd9E513425Ae887007c13da7,173.19016279875302
0xb4D529668e6C86496aed2C116F2671aDB46BDA7b,173.19016279875302
0xf908D7C879205F32d01563458FB30FeBdBa7186B,173.19016279875302
0xbF6b314f1fe5d0fae5AB13B353966eCF180661eC,173.19016279875302
0x15824a4605AA468C086B62577259415a285a39c9,173.19016279875302
0x1E155e3B7c403dd2a9ed67e7E628Ff9c18B781e6,173.19016279875302
0xa60FD78BC36dAF46F85799423D98e603Bf48E218,173.19016279875302
0x241197EA270Aa81864EcF67Fa91e54CAa60CB5b9,173.19016279875302
0xF0A826435D2FAdB582C5220e78A2e2e50a474EDe,173.19016279875302
0x576C384661aE3e3496e8E613CDca1eFb89BD3d4a,173.19016279875302
0xbB2eA2308430308B19D16F31DA8A3a2d3Ae5876c,173.19016279875302
0x6392ee0ce4302d8f16C5E44019A9074449FD00bA,173.19016279875302
0xB44CF2443ba8Ef07D2545cB0fF257da3B8079685,173.19016279875302
0x31cd60a79e0a723ABc9EAF574D87b5b028559f9E,173.19016279875302
0x320e59e4Ce1006532B94f6fE58F1eEA18e073c2C,173.19016279875302
0x98219F71eC4c51102775b13BaC3DE7131207478D,173.19016279875302
0x4d8C90fe1EB36970D15F6bf25520947E4F06a6D6,173.19016279875302
0xE6Fa5841702f7e94Cb1465D4d168053f17573872,173.19016279875302
0x7DD1ccdB93d4bb8eba17603da5F31b6d0B2f0162,173.19016279875302
0x279B75A6c13b7f7980e74Ad267c72b8D8D7D6908,173.19016279875302
0x511ea60652c9AA8ab286CCc1D05EB3ffE90bA93E,173.19016279875302
0x77029c4C48763153aE38B65D6037845f640b6dE9,173.19016279875302
0xF83FAFd63201dF9aB111aa51b866e30D868830B6,173.19016279875302
0xFfE61CA2854288a2c16987b3240Ed885fe878706,173.19016279875302
0x9aCe773dCec96e334D8aBd413c1e8801a3ebE1D8,173.19016279875302
0x1534DaB17F99c4D5989AfB0aD91f62CB99089e89,173.19016279875302
0x99023A49F77A0252cDAEe5a1125642E1a9B5BbA6,173.19016279875302
0xae1E90E705E62412ac00a235996D88561A9A0F72,173.19016279875302
0x9ada4516CE964C44bA117681BF5ce9daD984b22a,173.19016279875302
0x051F7B8C4E48064995C6476B77Cd4EB41f7443A3,173.19016279875302
0x3D4fA3b4657Ae421626ef24b417F9573ABAfb31C,173.19016279875302
0x5ca6A4c0307CADc11e338b8Abb6df98D479880DD,173.19016279875302
0x2588Cb792ac983D0e6497638BA4229f427F9818b,173.19016279875302
0xaA4f0bd16A52BD39e3aDF53dCE076B43B8d61dbd,173.19016279875302
0xbE4f3cEbAC8402EB954713140701cD3510D47528,173.19016279875302
0x271D8e33e1E3e16335d55814470E32D9270E8a43,173.19016279875302
0x05c21dCc176082232e4AAC72d1d9741fD7219fc7,173.19016279875302
0x874d3e9b9d264552aCcCE79c7fcdEFaedCE8bca7,173.19016279875302
0xA8a90b015b4a3B5CEf6Beb06770a57B968A1c187,173.19016279875302
0xcA5ef1F1DC3BE231d4542a3EC742547771D74469,173.19016279875302
0xE94F1633E9521f526C835597D7a9dE8D07c6E18B,173.19016279875302
0x1578e5C6B6294fDD4240eFB0337d1C28FE023356,173.19016279875302
0xBEC38B8EAA9B22732B58E99182d364862D308779,173.19016279875302
0xbBa4D4246ac4701C1345f02F1215720e7DDaD6ce,173.19016279875302
0x342652553bb840D8FcC0b0a0111dB9C886DBc902,173.19016279875302
0x58cE675E794F69770e3b67c1522CE507093EC025,173.19016279875302
0xA0F8fd233Aa5C7ccFfd05004000fe3c5cB9d62bc,173.19016279875302
0xF4075486c9A8a6F9B64503030E083AD5A24ceB65,173.19016279875302
0x3831181706C631A0A0e2479FE9923e2D90C8fb1e,173.19016279875302
0xB7184C469d29FD6F202086497eDc50B96B5308a5,173.19016279875302
0x259466e87eC6409a326cE3Fa0216bBd2B2b1CCEF,173.19016279875302
0x783991d5c1c03B8685F55413aB254De85d6d371F,173.19016279875302
0xB988720B2F27A0D666001468dd78Da35c8A870dd,173.19016279875302
0x3c645b6983bA1064Ee55242cc4D9c26d17697D2b,173.19016279875302
0x9A8b41B2b7F0324C511B2C45AFe88E92D5D737aF,173.19016279875302
0x8C26DaDE33a7cE860087f277f3Cac7479158C306,173.19016279875302
0xbFcA1C8c552fC37FeA94ebea6C3Df3Ea24F88fDB,173.19016279875302
0xB9d854Db734EBcA85FEc434E2565680702c32f5d,173.19016279875302
0xd26238e19F9a05984ad352D206eBdf988DBa5dAa,173.19016279875302
0xbC912b7D77F3E95CFA9C180Bc7EE35D72Fe1c62D,173.19016279875302
0x10802b294aA063Cc28fdD7b0A78689aC843eC724,173.19016279875302
0xeaA5ab8CA91863d6ADAbf9a1D6fdABC492BC4a7f,173.19016279875302
0x9e2Fe85FaE12Ac33a62073b529a1881d328955C5,173.19016279875302
0x46c26D21C12C9B666d059074c357aCf1d3CFE3F8,173.19016279875302
0x6F30B0863E202c2bbaC78dC6cde2bd7f4b0B8BE6,173.19016279875302
0x536b457Bb3Edd90348F596f1aed02c30C6F2B7a8,173.19016279875302
0xC48Ca2d0315f3d59e1e4Ef6aB93c35Adc72CDa9D,173.19016279875302
0x42868C835b1D231765612b67d3b9B9A88731c334,173.19016279875302
0x8BF28b01e48cC8868C46623Ed2DB69d9718d8B99,173.19016279875302
0xeFfD7Cb0cFA5eeba0Bac3a734e75Ec11531f9427,173.19016279875302
0xC081A924Cc8dE153741243d584a88f055d2c9767,173.19016279875302
0xCEc05E256E77192e825d673604BF9268D2f243bB,173.19016279875302
0xAf8dEA6D4E8B503E432C5792823976383de4c5B2,173.19016279875302
0x55bc1Fd7E5Fd0773e2F076d89238af80D7e039a6,173.19016279875302
0xE79E70E6713babfbc8BbC92E35B5c7a894179630,173.19016279875302
0x1561fF17cA6Fb85C6601825Ed4259B863D715824,173.19016279875302
0xb1BE4f3b041bBd1E03dB8478a7D520E8aa8C624E,173.19016279875302
0xcb3E991a016100f5eE9912B7529585e4E6B60173,173.19016279875302
0x382Ee2a2069344FA4fEA8507EF9A0fa4B0Be000C,173.19016279875302
0xD1D603405b34AcD892f108BD700344534f19FC7e,173.19016279875302
0x39E0428F66394a59A658cCa5780Ecf1D1914c1F2,173.19016279875302
0x7A592d3755A4449827C612BA6E13aBBA93d74DE2,173.19016279875302
0xd868Aa88Cc7390C1466D163d152Aed0533ff9151,173.19016279875302
0x4C2F107C289De9dD2b5403d16396C5973F97A623,173.19016279875302
0xAE07882d9381dc624Beb325510Ed295B5dF7bcF6,173.19016279875302
0xE6CC4bA09C4C2F58fd3435cAe0e80d752Ce3ea35,173.19016279875302
0x9caEAc6BcA42bc26d2f80d5B7595036892Fc264B,173.19016279875302
0x759669BE5A16BF521e992038b24aC6B18742cC9a,173.19016279875302
0x031e923B164d03fd7Cee6832045a7919678f9451,173.19016279875302
0x1aC7dC7Ab6cbAA2E51250Ef2525489855C53963A,173.19016279875302
0x0f0eCD91f0D1F219B81476CB01FDaEEd702a20A7,173.19016279875302
0x5aEd8b1Ee2444a32d475Da32Eb175d0B41E80C5C,173.19016279875302
0x21112B50A1342dFB51e0AE1a808Dd14925eDe981,173.19016279875302
0x3A497b6eb9C42411B94cB92F65D22d5D3C846350,173.19016279875302
0xb1b29D1Ae0c814a8880A5310B576Ebf361907140,173.19016279875302
0x1883387416bd24e7546c39dbA0C8DA6150CDD821,173.19016279875302
0x7491e4ac9F85BfdCf8d0a80ee2AC9a921B3e7a24,173.19016279875302
0x0fb9017250d6a025C635c317C7E6e94eD100464c,173.19016279875302
0x65909Ec62cBa6d920d1D3f589EB5ae812aB50350,173.19016279875302
0xEb88aaD98c0615603e4A636C787f6c5C781810D1,173.19016279875302
0x3321644c6232edEE60C2a3dD565b77088c55213f,173.19016279875302
0x40c756C5ad085440175c75efb67b135d901B77CB,173.19016279875302
0xE54a18AE4b1fEF4B16664885179323B9b73988ce,173.19016279875302
0x9cB193F550f57b12A0DD3585a64139615a696ea3,173.19016279875302
0xFa05AdF4fb1235DEF1c6640884eB21385BB89B0a,173.19016279875302
0xd36E72905F2bc61B8C7CDf40157146394193679d,173.19016279875302
0x5C8ef8979c0061093E708b0419e47FAAe95EeC04,173.19016279875302
0x6655837062364297A3E4A97319457B6d422B118e,173.19016279875302
0xE95cd799F9aa2134f0F1C65fac479ba00704ea81,173.19016279875302
0xd1eA4274bDe2b365f9B2bf54f8234b456978454a,173.19016279875302
0xFB1Bec71ba8806EAB0069Cc448bA300EAf70BfFf,173.19016279875302
0xD33E9064c6DD70d79cd30dB55887d00096F63DC4,173.19016279875302
0x7F4B525Fe407371508B5449C8A44B4E34432750E,173.19016279875302
0xF12D5853F1f9da489384Aa61877E861131C2f4EA,173.19016279875302
0x457114876dC6Da1442a0001b8E3E1DE1B21B030D,173.19016279875302
0xfDef83D53CC239256f74e9C06894ef0856c6f3f4,173.19016279875302
0x6eAE94632A00e8c4B341cF1D61f431eaaD4b095d,173.19016279875302
0xf001C9AdbD95E5d0Aa43a287C56b84975c159bD4,173.19016279875302
0x6a06e9b90f25fEB6f5dDF369b7879837C8cd08A3,173.19016279875302
0x665963c971c81Eb6e9a00A8bBaC0627E4F70a71a,173.19016279875302
0xCA90BaE07D623EDcA1dC87359dba71901A79262E,173.19016279875302
0x6F176D746dBD232101C03B70948D804C9721249F,173.19016279875302
0x3e63e6Ffc9d21028F39F4e72B0f672e0eB40d4bc,173.19016279875302
0x7CBbF07cc47B819EEdBA65F092F5695411386202,173.19016279875302
0x29571FFa09041ACB80681f6549FF5f069f0B18Fe,173.19016279875302
0x3a6c1B546f17edCA80E3CD85078447889988871E,173.19016279875302
0x27A0eEbBded6ecdC43386D4AAcB7cf4ef35599b5,173.19016279875302
0xA4F81EB483e55DB949932d235D2d825fDd9520f3,173.19016279875302
0x15c6aCcD233Fdd04208EB316A58f51F5798ca708,173.19016279875302
0xd0A831eD099A00F970c8933FaFc8300126054cfD,173.19016279875302
0x6d2e75910cC6d9bDF8Acd75a5dFA07EC35671459,173.19016279875302
0xa48D2B6E79Ab4E318A293A5a117010DE3C173140,173.19016279875302
0xe36AB0abbe9e95023A27e219bC92062544CF01B2,173.19016279875302
0x34A8B6E60ad16591a0425d14D789904b95B44261,173.19016279875302
0xefDa628149E6c7a23A6d5C1228bD37bd339e348f,173.19016279875302
0x2d737b9ad5C64df9d38903c75c855AB15e95AC69,173.19016279875302
0xBA96476dfee6a25587f3e3Bef0a8a7F556E29A29,173.19016279875302
0x2d69DD21d8883dDb62850CCf674E5Ab7ce030E2A,173.19016279875302
0x4F366d3755F7Ff3Ec64CFDFA8556E4F1EcbaF675,173.19016279875302
0x02CcD501053ceD4dba25005A8d418e7316C74e46,173.19016279875302
0x72a11795c541F540a54f0aEb6dE528ba5B09A833,173.19016279875302
0xF3349cAB48B56191054c6438148cDA7A9445481C,173.19016279875302
0xC24453BA400f5Bac856E2b28b3DbC0ed9b56809a,173.19016279875302
0x156D25FdEB39DA9AA1fdEEC2e722c5EC2a3CaAB2,173.19016279875302
0x285d88E2fD1aFE9285d59fe25D85db12eBf8fC98,173.19016279875302
0x48e7658fc93626AB5d464E12E3548F90F072DFea,173.19016279875302
0x2Cf9Addf37DBf23E8A1342685f60163765465b44,173.19016279875302
0x335BFd24c44Bdb448295773830955193B76F587f,173.19016279875302
0x1D8F57295AbE5F9037Ee2c5C1ad4B13D8AA368E3,173.19016279875302
0x54D43c7eA1029aeD2aa527F5692D7e09D24e0614,173.19016279875302
0x0648A71f963B8e5B332AE1248601d5e9dDfd9FA1,173.19016279875302
0x2e10Da7121c271c856701DDd8E106e38627D6d7f,173.19016279875302
0x50CBBa4Ce95B0c28C047A3D965B5e9b76124cb29,173.19016279875302
0x09A8e1fAcF50B4C6b28d78e98E7Fec1D28726354,173.19016279875302
0xDf060e92acC0D9A97d2a0458cf8141F4035c413b,173.19016279875302
0xE69c2524E48Be4F9bBb132B9f2Da5B58113554F7,173.19016279875302
0xB529F6080E9e13913551e1DDb7C50AE3eb46a327,173.19016279875302
0x0C29c6dB8D6B15F4Ee432507977090C66D12486a,173.19016279875302
0x122A30C27ecc158A659bf73aec279120507a4A5f,173.19016279875302
0xA04a006af6796E9FA551146eE9727481B39b7e40,173.19016279875302
0xB92bc5FC7797cc4C1653B1AC444Dac58528F5346,173.19016279875302
0x8B03A619D039833FFF4dE7E3d49355Fc7ac4351d,173.19016279875302
0xE8Ddee8d7F2A36CeE57A6E7B0192700Fe7175F70,173.19016279875302
0x6350241ce3888AD5EeD0e620a1f410F10DBf26b1,173.19016279875302
0xFE3707A47f87B703d6E07567961DC9Ed177A69c2,173.19016279875302
0xB2Fd5be215589F594C718961B72207A80b9E4d0f,173.19016279875302
0x7127d8462f506732fb487b7B608C6BCc793CD5b4,173.19016279875302
0x2F186CcFF07cA0DABca0F628E52E1DB28CdD10AD,173.19016279875302
0x925273C16f9c4a598E56a4Ad11Ae0F2310F9f4eA,173.19016279875302
0x31af676514770800f48Ea891CF8A38A9BA02A6A8,173.19016279875302
0x755a3c5BF049863B2832BBD2Ee6455ee92F28D7d,173.19016279875302
0xc42D28f3f1390ff9EAe950De02f22E8e43522789,173.19016279875302
0x945A8492aDA84b2725d1397000Ec565964512C64,173.19016279875302
0x137ab5257c1a6A0bBdD62578416AA2B9765E19f5,173.19016279875302
0x48C8C81870b68E973280E36Ec6ab3Cc3395030b5,173.19016279875302
0xC660a8a46606bD054D69a3bF2E4f16EB31C9958B,173.19016279875302
0x93D281a95b48B4b67F594a9f653c6e836ef4a491,173.19016279875302
0xB4f71493Ca480EBACEAA3C294508A78Eaed1E1a8,173.19016279875302
0x6a94B2E809Fe2724ad2c26AbF6914F4925777a20,173.19016279875302
0x14c71D09D625C80b22b56C36892395334b88525f,173.19016279875302
0xBC9ef6Ab85F42A27Ba835Beab72AE31E5902e84e,173.19016279875302
0xbf67B3aAe815Ff426C3fa1aE869eaC1805519276,173.19016279875302
0x7605996a8aBe9DeC4443f4804D925663056C5e5B,173.19016279875302
0x82931cAbEe57ad9000dd1DF97cAA48eb93805e4a,173.19016279875302
0x44031E6593612BD54f731A47B94a8C4e338B871a,173.19016279875302
0x402Af01fCA47E5EE334bC35eF6FA13ce6470A20F,173.19016279875302
0xd1A5Eb54415baCe1F6606db6fc311b624B74E5e0,173.19016279875302
0xf72B1A6c0cE4b2126850e0edBa79B076DCA2d365,173.19016279875302
0x1BEdcD2615bf3996408b827599CB168904d725b6,173.19016279875302
0xbA602b1f37b3B4F6C44f93f5A0E44aa74aA7881d,173.19016279875302
0x1218290613aB2A92eB51E728b4749A2Cb85c31d5,173.19016279875302
0xee3CB42A36e1bBb55b85c4e21558Da7305d1C04B,173.19016279875302
0x236d7b1d3d844fE5E302777D3A05eB726675833f,173.19016279875302
0x3aDF7931f7E11968843b8BDcA77a2d950459c77E,173.19016279875302
0x4536d9bd46546bAa5fB9f1938fac785A60E86480,173.19016279875302
0x0da7BCe5Ba65a3C7CEFf69a89d69c9B0c4D63837,173.19016279875302
0xb94A62b15B0309A8B5231C19f00B3440703a9d74,173.19016279875302
0x575f7E5F30B05CbBDF647Df1DB4167C7a0B8F674,173.19016279875302
0x50Cbdf945DFc5f594917BC4D9136103279DC2521,173.19016279875302
0x5e99C63bA906D01e55e1300d70a83233E09bbB59,173.19016279875302
0x3081F384F4102D217cf7AAaf58a4308B1168E355,173.19016279875302
0xAdBfd702Af9bc075878184f9B903396fE76fF280,173.19016279875302
0xceDaDBF7046A75D6785c0f714fb53BCAbC2C1338,173.19016279875302
0x5baD73728C9923660897e59e3996159C39Ef631A,173.19016279875302
0x5D4DeF73909c8E408cAA806D0eAC3C7054b613C0,173.19016279875302
0x15fB8aefC5984438d0e1d5a2dD7fc044640BB4c3,173.19016279875302
0x79F68AaE503f5792caE95e3027127A05088a3929,173.19016279875302
0x56f6a7ab1A8aBD7862266FbeB46Ac0A93139Bd1d,173.19016279875302
0x74cB6997018de4bCb8112de05EBFF4193b6083B5,173.19016279875302
0x7B80A7EB42AD89903F03c7Db6604ed0aaf4BCf38,173.19016279875302
0xA3144Dd946Bde49Deb78c9434CfF3aD5fcc95023,173.19016279875302
0x4C1d277f0015fC63934D5fB581fE928144265cA5,173.19016279875302
0x9aAFBC45Bb3052d22d0A1E3fD992A9bE83F0277F,173.19016279875302
0x651e799f5270a7Dc5583fe19ad3353ceF164b2De,173.19016279875302
0x5182D1C04D58DeB8914b4f60eAC4382d694eB903,173.19016279875302
0x7B90b9Dc90D38093cBd70A7EDAC9a08C2522cc2a,173.19016279875302
0xcCfc9c4a9cF79E1cF67eAd1DC9002CB163d8AEd3,173.19016279875302
0xd6cC926E5B6d233D3e259534C666Cba05124C2cc,173.19016279875302
0x7B8a74C1f78FdB0769C119a0599cdd8b52d5AdB6,173.19016279875302
0x2f30F003f878FCbfE7f57dA1b1F1C820B4586E1D,173.19016279875302
0xFc75aeDD0269cAd4931c0B60b2F0F881549c517F,173.19016279875302
0xe15911b03b49423af9DD8A0183411E81ABDc8Acf,173.19016279875302
0x9c099A5ec7D1aD9bE5BC6E86cAB65241B2E6c413,173.19016279875302
0xeCfe7C7A66AE1c0B708473Be89700bB9c681D975,173.19016279875302
0xF217F7Ec98536aF99d75C09D9a18728546AeEA39,173.19016279875302
0x0689fa1740b847e445f79E8cc68eEb5AfF4Cf7Ec,173.19016279875302
0x5289E541C4E125C5552A967578A043AC886327cC,173.19016279875302
0x44EbBfa73f962A61d1833f2a97cB64189191Ae41,173.19016279875302
0xd552b6d6D9f280bfC3B90E7D0edEC4509c6dd8F0,173.19016279875302
0x770f8F24f247D90BF0094ef3FCc09cFfEbEF40b8,173.19016279875302
0x82cC23862AE46b58C058342Bc5e28536D4038F5d,173.19016279875302
0x5747043Ab11c68bd821301A4DBd057C702b6F385,173.19016279875302
0x5E36e364A7CD7644965d067E91B0667EA85739a0,173.19016279875302
0x60AF460F174938C49c362EC806dD4b095E3Bc252,173.19016279875302
0x5D8F5B6e059f7462d79374F74Bb39Ba574473aBc,173.19016279875302
0x9eA17B412B5bE832505424e437242F148A91F16e,173.19016279875302
0x6878dacFcE4827ACa6065940A016599dA6d2F61D,173.19016279875302
0xD831996b38A9E6783435BCffCA87C602C0aA0879,173.19016279875302
0x6D77244D526C32fb452538a21C8B42cDF1604dbC,173.19016279875302
0x1aBe14d8Ef5962290b30EFD76B6eA01009c4aD09,173.19016279875302
0x72B26de11b7e35519BaF4b60C0CEf03A04499cBe,173.19016279875302
0xd2044CFDDa6A80dB5d62C8194EC7E7aF756f8d56,173.19016279875302
0x80D595cFF3C876dD81992873F4BEFa4b67739FbB,173.19016279875302
0xB441fF688fF86CF560a802F492bD01557d8c4Bfb,173.19016279875302
0x542591BcE5c209E9119b81470177677d0B3b0731,173.19016279875302
0x23737930830491a2b5F9a194D38eb3bbb3AF44a8,173.19016279875302
0x89Acdd676821D1D271751B78B8C4e9Ce66a2dCF1,173.19016279875302
0xFee650adf66Bea5B6A4dA795Ff1Ba5F981Bc2833,173.19016279875302
0xF90D401e92f3eeE9bb27139517d7E6F4546A27A2,173.19016279875302
0x0F42fA97dE6DdcF61AC7F79216dAa10F77B292F9,173.19016279875302
0x1516f2f2Fe4907CcF4ED81F58133Bd0AB68fCD6d,173.19016279875302
0xaE77Ce335a8556795270bb853BB80D32C4B52549,173.19016279875302
0x9830Cd7C7bE2c0A3dda6B70e3459b50D1b3251DF,173.19016279875302
0x51a4B1Fb4173d93D9Dc9E0fF93984951Ee78e2db,173.19016279875302
0x117Bb10a6A00aeF8daBF9036372FB61bEA10dB4c,173.19016279875302
0x07D9aDB8BCF8287662800C0481B52b1eF64D5f2b,173.19016279875302
0x3203ea8a4284CFE1f468aA4044Df8BBa5E837e63,173.19016279875302
0x6c3a75271c4507C1d39a7372582164b8Ba37D557,173.19016279875302
0xa5F99B1B095f5fb1dED1E7c5601b7d73693F0aF1,173.19016279875302
0x0F34FDE1249AAC0023E9d72C0baB3E1F1f023dbf,173.19016279875302
0xbBbe6e9fA2685339259850D5214Ceb0A8383462B,173.19016279875302
0x101bb43f371b1e33A69f5cbd6f30Eb8E406C7200,173.19016279875302
0xa7c97A290E27Ef270dAb03DDDCab0d6E7Fad1cE6,173.19016279875302
0xA1FAe3d5DA5dd97BA5635De56392fAD35Edc5aE7,173.19016279875302
0x2E02700B073d5621dDcBA8468998c3B54539F8eD,173.19016279875302
0x4716A165DbEdd4B22A6f5BAC62A6F76808c59200,173.19016279875302
0xeC21C1c54b5d752BfF3EB598F2B061Ec0cCb0c9c,173.19016279875302
0x81E3a926483702Fc2F7ba67aF4aABCaE31C0B3EF,173.19016279875302
0x693D1b1De042528A3F26B8Cf7Ad3a183dfBf197f,173.19016279875302
0xA67d3aC240A6D5774012D496B34101c178C9429e,173.19016279875302
0xe6f582409c89c35918Ca3a427008ee140Ed79D02,173.19016279875302
0x13bDDe7583Dae952480A705E1C1606Ff387c8E65,173.19016279875302
0x6a535b1252C55F0d01e366A0458C6F11EcDA92D1,173.19016279875302
0x9BeC9FBb4D24B6e563Fb57B43689bC06bf31d4e0,173.19016279875302
0x7c167DCDc6528B37a538E809b36759BD3e891bA6,173.19016279875302
0xEe6CCe06c66179a46fE327eA785CCC9cdA8853A4,173.19016279875302
0x619F449e4a8a150d524856b82e461D49373E3181,173.19016279875302
0x1d455C3A52177B369749fa84B63578D9C28ccC7B,173.19016279875302
0x8E48efC81fDdCBCBfa85D9A82A1B5437C647c8bb,173.19016279875302
0x19511a1DDee249A01D6Ef6965f21726629e5cA75,173.19016279875302
0x6392B96f004FA9F3F3D53c5A7202241417795701,173.19016279875302
0x3A4eC49e3f451667514548885f4a47771f6d981e,173.19016279875302
0xCFaA96C42623394B5240CD7CA501B1599D3C0685,173.19016279875302
0x4Eb0ECbDb919eB5364439C3fbBE3A9E5D6945C73,173.19016279875302
0xCaaF46f70051Bd5d344106508e30F0fe3471F14e,173.19016279875302
0x21f09A790FCaA2f0C83fC5CF46c66F7d52C9a1c2,173.19016279875302
0xc093171186bA0598b17a252c06f62395B0d1E505,173.19016279875302
0x2719644DF84bAa6E9cA442444BAcC3E9b9CB9a92,173.19016279875302
0x669B7D913761437F78B1F88C40FC9B32415a40C9,173.19016279875302
0x2a5A8FeECC6ec014022321835E577f091FF8F8df,173.19016279875302
0x26Af76cDd46F04315bf102623aed11829Ffe9A41,173.19016279875302
0xDbcf84c41c7bE6Fa6C130Fb04c2C6416a1522181,173.19016279875302
0x2bcF4179AF419DEd74eA03AA26D925896B80b409,173.19016279875302
0xa886EAa4c99F8a116e3d8F6E834f688346930514,173.19016279875302
0x7B823De0af9b6b03dC340E091Ef0245ef8aed0fa,173.19016279875302
0x26f76A74Ba1A63F5be1753A24d6D74F98C2f614B,173.19016279875302
0x8A9609d11A93EB83908b5Ac91b05F9c30A8613c5,173.19016279875302
0xAA847713F40e56d317457fFF99420A4Bb0133640,173.19016279875302
0x476c71eCAD9ca86c480228f056230d11930008FA,173.19016279875302
0xDeA3f334C4E230c88520e37642a90DB0B59b846F,173.19016279875302
0x79c089A489de6D144F27007c3d22f38030E536e5,173.19016279875302
0x9804e9F630C28DaE4389663D85fECADDe6a26105,173.19016279875302
0x6C3110B8197e60956DC5adC8C4Ade629624E6065,173.19016279875302
0x3a65250cF6a183CEebe3058484001095437a77F2,173.19016279875302
0xcDba71F443b1687934da835820e9a05D2cD8e35d,173.19016279875302
0xf509a811cA183c78437961bD7bfE3896c808b211,173.19016279875302
0xe4fCCa0b272539296D461472028D2941724Ae8C6,173.19016279875302
0x2020Cb16a951dbe423BB588667C4d4d07964E7F9,173.19016279875302
0x987739A4a8B3914172Fb4A8fe8a196112D9b9FAe,173.19016279875302
0xE62E675477Dce05d195AE2D95bda332d94A61143,173.19016279875302
0xF89CA0bF189A6C42835866448B0Eb1A0E7Fc9cA0,173.19016279875302
0x1686748021413dc2fDE9042E55f2d0b54c300557,173.19016279875302
0x2682F8904CcaC215fbD93c6d95D58235E8b60641,173.19016279875302
0xa92804fE5AB53f657a711FC1E1B80A7592E3DF82,173.19016279875302
0x44966A742c3a897f3Ee38eE829cF9EF5d4EC62AC,173.19016279875302
0x2e620d731f03444A9450C83Df05d7d64818A2e07,173.19016279875302
0x4575fB905c3319d86a36562F14dd008B84CA7167,173.19016279875302
0x6938DbfCbE9B4619DD9dA22f7237811ecf4165BC,173.19016279875302
0xf8593cd799391D84cE58CAD93Abe58C62446Ec3D,173.19016279875302
0xD5d1E2a5d04a8Dfc96B4B7eA0B9DE8235b3a71D7,173.19016279875302
0x7e5E888fd8f6aC59cA332DB74D75A93CF026312b,173.19016279875302
0xDF2b1127E050951C015EDb8802BbA1206C5EA339,173.19016279875302
0x4e28d9d22Da165692ECedDAFA994e90e5aBf2B1a,173.19016279875302
0xa09DA13825D931134F274CFb6E63B8a1122f283b,173.19016279875302
0xf8fFb694EDEA85253D8b624cC719f46aed7735b9,173.19016279875302
0x8B9925cD80b9738645ed6F551B6ac53e478A7f4A,173.19016279875302
0xDaf25e9C28f5e0858d2054D5fb57a1ae7037A6CB,173.19016279875302
0x2950A265f57F3298bac02a5a491B7500fdEfa513,173.19016279875302
0x10b1EB52d93D0E47Fc2ed62bf9aC3EabA875c68B,173.19016279875302
0xd524Caf5CA6b60B7325B302965dAC0B7202d9213,173.19016279875302
0xB390bb51D910D22aC3B1D9ad6db8C53D2F111d79,173.19016279875302
0x56162AD8A1681CBa0d7f8893ebDFe29556E26497,173.19016279875302
0x621737F0dEE9164Ae4e4635715B578B8e5f9404D,173.19016279875302
0x9458f1Ab0ac449dd94541cdbb124E8ac94D92C86,173.19016279875302
0x35c1F01f5F45aEa3E30BdA706C6e897d6771989E,173.19016279875302
0x86916C0b53b4463461fE7Bc96f8A45D04c00B164,173.19016279875302
0x5b50E5C88Bb900876569B769552A07554A214aAE,173.19016279875302
0x96C056D5A82FcB6642D36a44Fc952d695eCcACdF,173.19016279875302
0xaC4957eb7Fc879C51c6235515Cd25836656D6443,173.19016279875302
0x5A116b1d6621B2A9FDFcAF6EFFBF19bE6acDfbC6,173.19016279875302
0x3A7757186aF5F403AaBd5ee560eFF0C1E22c0F83,173.19016279875302
0x9F3A1AF4B205b3F3073B2E5BFE7039249eE2bFD4,173.19016279875302
0x399A3FcBbdD05c121208D0677c6EE918eCaE7a05,173.19016279875302
0x4F81D3aBB66D85ba3a7F05fefCA3D9E570Eb4302,173.19016279875302
0xB5Cd2f81456FeE1f288E72d9030f00F937ef146d,173.19016279875302
0x6557267d7AE32f3d27Bd715D66F95C3b363192dD,173.19016279875302
0xe7AFC7D99Ac9C032C36f119b9795dd36E1DC59Ac,173.19016279875302
0x68120fda361AB573b5304562cE7f29974f36a678,173.19016279875302
0x26F81b44ef0cCE45af9305a2caD51fE90245F544,173.19016279875302
0x128642268E1Aac81A6830ce4Bd1b42B00c2397BF,173.19016279875302
0x07042972B93CD1727C71202b638e9a2BeBDb1659,173.19016279875302
0xF7323913ca2856f8B1743703Ec2B934A2790c584,173.19016279875302
0x817691a881d8DaD9886ea5a24405bdf6Eb756384,173.19016279875302
0x7C897C9168B537905bF9157C315cE0C745f52b66,173.19016279875302
0xf91075036ed7765Cb925f9d880FBe4139b0A22b5,173.19016279875302
0x019aB1546298abA2BFfC8e52F278C14E0880FcEB,173.19016279875302
0x47574f166A9a9D0d87a45553Ca755b815fd66458,173.19016279875302
0x40B61931534c7257832A46247cacF721937879a8,173.19016279875302
0x46CE22713432e246eb3A40bDb9E2e9f2B83A9c8B,173.19016279875302
0x8908f268ebEA8b31c299Aa21DE0B391D96CABb11,173.19016279875302
0xF7e13a8D54104F9BB7b3Be61f09375f509e1F649,173.19016279875302
0x9f38778f12579D3c0C37669595D59eEDAd769C7a,173.19016279875302
0x4324F8906aF715323ef96d1d21BF3021eC64cC42,173.19016279875302
0xF51D3f35cB1E969F070215D4Fd77D825823aB717,173.19016279875302
0x37c302Ad49AC562C6Fb3894EE620D2f89C11eC8E,173.19016279875302
0x12bC2Cd27d05aBbd3e8EBEa12889Ad5BA7CAdFd0,173.19016279875302
0x7AD4741b2047Fb0bD72D969d195cF477CE4e195D,173.19016279875302
0x57e8850a0D5e0d447251e313088Bd7f4A6765dBc,173.19016279875302
0xfCA6b6b0766c50aaB867Fdc7262D46c0Dc87382D,173.19016279875302
0x2e4634Dd6C24D8Ce42845aa17e9c01e63712FeE0,173.19016279875302
0xC92446C8946B3becbCBA9C9421e7B7508e039edc,173.19016279875302
0x32a709c4b2F88B225a0b5de8D07953Ac38A0Bd36,173.19016279875302
0x0245E906D84B29eBC3b1cA3f1e4da0A1bf4203FB,173.19016279875302
0xAE2E8d50092Eb894670Dd30448E49a56Aac75F54,173.19016279875302
0xdA82EDd27F16682F4711F149Ee1682a7bdEE54E2,173.19016279875302
0xdF92B78dB8Ccd1fb827A305C6E6A703Ff5a75796,173.19016279875302
0x8E9F06cD727584B8d7AD83F58621522655267E6A,173.19016279875302
0x926B05739BDe340e7b22F95DfE48C0E190a97849,173.19016279875302
0x7b79Ae90FFab02f5386673aBFA97476771946e75,173.19016279875302
0xdA74bb5Ea890C59f505c7FFAb0aCbc7c6E0e1e03,173.19016279875302
0xBb355ed5cBf7104881B90cd9A0035f548F739769,173.19016279875302
0xcFE50Dd24C95E57b2b703DDC2011454467a10f55,173.19016279875302
0xaaDE7BA10419849b423fb5fec81Bf975915A0635,173.19016279875302
0x7A5404106498E3A78aaCcBc5c8C4Ef2d4b14c300,173.19016279875302
0xBA38edd5943C34011ff7Ec6FA816D5C916857A96,173.19016279875302
0x8EAbA07246065f8FbC0947DDeDf8f046fEBd345a,173.19016279875302
0xE7C31AFeBee828F8b18ae52eD4081f4777ddC8d0,173.19016279875302
0x492148a3dee151b5F58412a19F4F7a8D3Fd5259B,173.19016279875302
0x46d1E21bFF8aF43957a13C379021E4064064867E,173.19016279875302
0x736E33912CB4d076c866C88f4ADAa99f0C6Ee723,173.19016279875302
0xC3F27eB6A893bE3A9E31FDDF083B76D165553aa3,173.19016279875302
0x50cCa630b579F7B3aCa7A88381ED698B20f42fC8,173.19016279875302
0x1020D173DF19B20F5E1e8B77002b32E6D8e7E0d7,173.19016279875302
0xEACE77529311Bd2eF0eb357915Ba4C7fCA89BDb9,173.19016279875302
0x22839CB2BABc9fbdF73cd8b9fE9eb103c2A1C4Bf,173.19016279875302
0x804F3c41eaE07F45e548Aa0803654C92b431b3a7,173.19016279875302
0x24257320321105B25D527224a3b1bB56d93bD87f,173.19016279875302
0xf7adDDB2968BACBa126e9D202aAccC6d97ef345d,173.19016279875302
0x14EDEBbbb71056acC94057567Ad546EE9fE08313,173.19016279875302
0x7E423Eb834108Ba919022037b2cEC771c6b7Ee8A,173.19016279875302
0x3921062C6cEf88Dbd8D6532627c4629974480D17,173.19016279875302
0x0A9a209C6D4dd57eEE9e5D8A4a38BF604BE26333,173.19016279875302
0xD5F233F4c708599Cff27360012A60D285a3f16E6,173.19016279875302
0xAA5214DeD044f778F928Ca5c6210076ecBe8bc05,173.19016279875302
0x81022BFeF485A91E396F832ce4D66106278100fE,173.19016279875302
0xDED2933f39114DC8Cc1171DAe87Ae74E11ad83FC,173.19016279875302
0xe49425F86760B94a22ade0c25c478D98A9C94d38,173.19016279875302
0x852bA38fE1E9D5D92058c0ee876B6a94E80861e8,173.19016279875302
0x3C1d3053446684bde68898046Aabc391D44810F0,173.19016279875302
0x678eDd9f42d9eB96597FDd7E38249D9334A14522,173.19016279875302
0x5DF6a76E2B83E2B0e9805a083c39EDfbd8D51b7F,173.19016279875302
0x2c3fd1e05FCF6eE5D9D477F4727c4DA1D0c29161,173.19016279875302
0x7F02cb256D6305FDd3cfb93dfB48f33fb218ea9c,173.19016279875302
0xe2eBB901D59B6C6BF3CC4712d28E84065AE2FF6e,173.19016279875302
0x3E140d217dDdd4D9Acd1f6897757727b3c9BCD73,173.19016279875302
0x604Ab27289186F5F54336EEc0E3fA4F280A0f536,173.19016279875302
0xAb51C4C5D8C9feBD271b5eeef90D462967A75dA3,173.19016279875302
0xa11e983Dca67fF256b285eB23C7fFe7a64c29Ccf,173.19016279875302
0x1fCffe96552672Dc95491cb13559E37374D6C1a7,173.19016279875302
0x4188c3cB4B271B9fD0c57EF8AF4ffD04dda39fCa,173.19016279875302
0xaB4D0e83F02fa215E3e5e64d7707a526B69cE705,173.19016279875302
0x6589736Fd797Ad6E7839a2Ed32c2Da57Ae2642E9,173.19016279875302
0x43A8073aDcDfDa634BeAE84578F4D647bf8d6649,173.19016279875302
0x0A4aB820428a981BC6769A79bc712F12d32b18d3,173.19016279875302
0x444d1Fa62e69cD54783c8d52cd23D853f5F86e9F,173.19016279875302
0x48F9eDC9843d5196119B4424D8DB5Bb8390FFf4C,173.19016279875302
0x1f6291D892a0C7bB2420CF56a9e5cbd3332C4fF3,173.19016279875302
0x1121691e0Dd962b1932C38885B54702B545BF0d8,173.19016279875302
0x6d1180e21431bEdCC755DEa0FaA79A79B9C40efe,173.19016279875302
0x46263f07B98f656146a9af84F29302b8b7dAD233,173.19016279875302
0x084bEd0e8CcEA43efb5F8d25D720EB73698f0f83,173.19016279875302
0xC91f5f050edf17fc990544e4FdFDaff1249Ae10A,173.19016279875302
0x8337C977D1c7fFb6601CDaa8B896be33fd363238,173.19016279875302
0x801dbE476a55e4d8792153b59478370e3B3ecCD0,173.19016279875302
0x4516Ce94dA50Ae1942E813FBEC3E8E127B494580,173.19016279875302
0x24bFD6D811962713956f025Ee296Ff1677B7E779,173.19016279875302
0xb7c144c5C6Ee9c6e1d3b784072F812DF6227b01e,173.19016279875302
0xC5Dcc82754eb161766783Fb59D1AeaD911aFe528,173.19016279875302
0xFbcCCc3e2C67666dB06423D92D6B83687DD34A75,173.19016279875302
0xA3D20A1992af892C3aeF446C4af9864ca295A498,173.19016279875302
0x1A74421Cc400cb28c23D3A38E107ED6Cb9E7ffc6,173.19016279875302
0x613dB56A5b332965B5794419CF49a53C9F1fc5Bb,173.19016279875302
0xF3626aCd1c71D81437f2A9ad41F0ECe65D46add1,173.19016279875302
0xCFf067e0a7781d94181Bda5101e1fb971e3f0158,173.19016279875302
0x6Fe7D746D755E59D868781C9C89378Ae43cb09A9,173.19016279875302
0x1355eDe70efA575B867b81B19dcd92C52b878132,173.19016279875302
0x56c33d1A8E5Ad088977eab27c6c0299c5344b2aB,173.19016279875302
0x110EEddf5e635b7148906374CF77214E652838f3,173.19016279875302
0x5E172A58185B65f73437695cAd454FFF5D986766,173.19016279875302
0x5f141445B31f48DA05Ec2455f3A349e3f77162DC,173.19016279875302
0xf597Cc99a9ac659f36B4573b46136A2cB02CF4C7,173.19016279875302
0x17567B121f5A46034a54ceFe7cA050f554Cc06ca,173.19016279875302
0xef5d40cd9BD5e508eB56aFc5b1DdAF0C5551ebb7,173.19016279875302
0xa460195B1F0fa1D18ed6CCa6F43F06E340022e20,173.19016279875302
0xB6ee51Eb289E039171DE2cedb04247E3f5608296,173.19016279875302
0x3954622975B9d136A9446De94E50d787F98328a9,173.19016279875302
0x83F4A494F72E08af28E81A3C877bb185D82Cd2C3,173.19016279875302
0x9707CC621B9978A6132Ea9a72f610a74aD0a7d80,173.19016279875302
0x857aEE2f36a0117CAf382BA4Ec68E4CAE05C74aA,173.19016279875302
0x369E9b46e21A516eDb8d7FD986aACB505FE4Ca97,173.19016279875302
0x5b8B4063Cb70e6b1Df48a64e94705dEDdBfDFd03,173.19016279875302
0x0Cd16380c751869B6075A8B6DD3a56b2A8D2e9E2,173.19016279875302
0x0FeBCA16a5335ebA28a00a6881F3aE7Cb9AEFAA0,173.19016279875302
0xA85Ab6eA16B165a9C8313BB62693CD008392728f,173.19016279875302
0x4459Dd5eB397bFb587Df55C6a1d18aA10E051345,173.19016279875302
0x16808b0C9B06CB6771F689AE3e62D5506A26D35f,173.19016279875302
0x6daF0a61fEa5472b82EDe3AFc3Db820c9766fb81,173.19016279875302
0xd6D57959B9AB53d3FB51EBE5B6d0e74DcafC2906,173.19016279875302
0x7c581481bbc855e4E4b015820B638b7012a644eE,173.19016279875302
0x9147A16962CCB77B59a5E00d9054EfCC57Ea84aF,173.19016279875302
0xD6398f25f6c3c9A430717BEf4870e3b09119BBe5,173.19016279875302
0xEb804C2ad0790bf257cE52e9D1dCa6EEfc0B2bcf,173.19016279875302
0xb0aA0a94267F2B11b90c51D285cf19FC06b63dFe,173.19016279875302
0xf03b1f35B0fA0655a9e8eB3b5a40Fad05Bf176AC,173.19016279875302
0xb0BEc7D4122D31b1d21cB58B0DBD52D511d4ACAB,173.19016279875302
0x9621322108d36c132683F07CBc750637F481C5C1,173.19016279875302
0x7751363f5FB22812db1A581148d53BF0207F3d70,173.19016279875302
0x10d20f47B418507F22Aa745D3d006DC87BD6a5b4,173.19016279875302
0xf3E3FAcd9bcd98e3257e723AbC5fFE482065D007,173.19016279875302
0x362fa57BC6294b27D9FF518f0f0bE31B4331B83B,173.19016279875302
0x02D9b50c776E21EB14C61fc82444a191f4612965,173.19016279875302
0x160BfA0a9c168edB0199204DEf1f6d77C77F6D4D,173.19016279875302
0x30AdB07e89b489b7bDAa7AbE5673f4F427936ef9,173.19016279875302
0x74f639EA3e179b1a4469E36b713A85A40d920c46,173.19016279875302
0xAD64f35e1aDBDF7481c242Fc0Ce536c810D95f52,173.19016279875302
0xD75640E847970dA5410Af342ABaB17be94a52f68,173.19016279875302
0x5d49DF5F340709502798E5551EC2F5C7fF30981B,173.19016279875302
0x9F54ab37Ce601ea2a3eaaF770cf667b42aA863F2,173.19016279875302
0xB7ABa90366323463f3b61d2CEf89BE852ce4d7CE,173.19016279875302
0x2bce5633A2593438D82d5A9953023f65abC11EFD,173.19016279875302
0xd3C503A883BfF7d90B7EDe41430940Ae77a91652,173.19016279875302
0x8A191dFE63Dbf0C3E0f2062fFcA9d44F9e47295E,173.19016279875302
0x29cC6185551574BD530D8D6B8AB2AA99F7379cFf,173.19016279875302
0x75531cf58daf001fbF04Ee0950cC6f66Dbf12F86,173.19016279875302
0x3430037b4279aB311d806c4b18a03c01559AA18c,173.19016279875302
0x8B1955433f67A02D85C55FD06ab4485D49DABF96,173.19016279875302
0x424DC37D4857849F68c44a882383170f233C05dA,173.19016279875302
0xD51E9E62Fa50a3aE587921392EF8f749aC58A965,173.19016279875302
0x4B14685E201b4e1a7C9a0075e0B6a8F8324D9EA8,173.19016279875302
0x38012995908C7d5208c20D4C0B021f5c655BA750,173.19016279875302
0xFB7E3ef5fCb3128cCab6BD3B037b8E0EDddB0315,173.19016279875302
0xbb7ea9C58405cDD4EFad050281E2372f6454E605,173.19016279875302
0x1C942DD724906De65Daf2bA6921eC254f54C7916,173.19016279875302
0x382c2c9aE12690FF7a4311520Dc304FEdC26139b,173.19016279875302
0x690a31222a85d16368831201225Cc8231d7Fc6A7,173.19016279875302
0xB5d6C0f8ab8a2B192d060BDc7d65af0686B76e48,173.19016279875302
0xf22C3C15457e425A4c67770DAdd78785b9d7Ec30,173.19016279875302
0x163a080E1a90d4dD68db171D6aA2FB2D57f63aD0,173.19016279875302
0xEdeae79357972a79392AbdC97c66FFB6e568F0D5,173.19016279875302
0x503292153DfbA9a285910757820B9FFf8490ebd0,173.19016279875302
0x6AaFa59b6F526fDd2AdCF9733bBe05f5aa40757D,173.19016279875302
0x88c5b3BB1482d3BB552c8AA3087331e2cF27248e,173.19016279875302
0x872Cae3dFb4Adf9477b8634C47432bf72AaE0333,173.19016279875302
0xCBec627e52D50D2862f44B24277406550E67E5A0,173.19016279875302
0x55A9108fD976D64Bfb2FF9c2DbE676D73e9A92f3,173.19016279875302
0x17bD1fe6d6C5872F0CE217C72E1B533dE7fb244F,173.19016279875302
0xf1a7B25C3a496924A0e89c8b2f64d533b5cFd9d3,173.19016279875302
0xa6AC44F874625Ea8d2DE402190c320B1b5eA0F78,173.19016279875302
0x92717C07F3689738186A887e4369d3a14bB9aa7b,173.19016279875302
0x1a5b48F393372a07296F7a64e84Ff4D69396d8e2,173.19016279875302
0x832ddccB34e19448403A36360dF41a4C06188ae1,173.19016279875302
0x756c819e28575e5787F3054225AAdA26b6551A6a,173.19016279875302
0x92756fabeA367444Dbe8A172A44f93BD1909f1b9,173.19016279875302
0xb1304AD6d2062bf86f5C7a58ffc2fCc975c4aC71,173.19016279875302
0xC6e215E2944ed9B1431567b8BDFd6cc79Bc54daB,173.19016279875302
0x2337ffBC04C1E86C3c004EAB00e21Bd2565A47EE,173.19016279875302
0xBcE0443aEE24994862F8fFB0d8BC683cCc017ab1,173.19016279875302
0xA3F00f3A194cDB68beA9082Ca55C10a06b72e314,173.19016279875302
0xa0fe38e54bF269439003348f872B644f407D70D3,173.19016279875302
0x885f0103710bB0B611944161ab7cd35d0C6E6A95,173.19016279875302
0x231ABb37ecB2A66CAB64a989eBe0a140e3CfD2E4,173.19016279875302
0xFc280Ba871EA72EF30CF8F4131Cfdae43463B633,173.19016279875302
0x94274F3A57D8E03E40CdCA27fC1f42D2891D208C,173.19016279875302
0x7d4D3e55f5AC39be73BA3e48C0F4a705abCB9D03,173.19016279875302
0x9448a1C7846c2E2972E90C1b13fB2050dd26d729,173.19016279875302
0x234b7433C1354CbC1AD82B6F0421cae8645ed36B,173.19016279875302
0x87Eb053E0Cb6DC3E991D8c441c8475bCa77f01A5,173.19016279875302
0x75b0d059275997746B705033255B660d5a979694,173.19016279875302
0x624b28ce894D3b5016835f979f6E40C67abd38f4,173.19016279875302
0x43c00d9d090f314A8d7394c74bd6827f3aE9FBF1,173.19016279875302
0xbdAe9C61081Cca823b92b72758Cf6837FBD93952,173.19016279875302
0x63041BbE1C0D363e97966bbDF81e8582B5de0E2A,173.19016279875302
0x6DB2668A29ec1ad43962E557a693723048384031,173.19016279875302
0x8B41caFE14fCbCA82579d7c77bb07a9F7C8A876B,173.19016279875302
0xCB4F203d522B6128741D243ECeAB0571f0EE9634,173.19016279875302
0x0735088731a9856637724bb412aFe7f3e2562946,173.19016279875302
0xF63CCD5765b33665784482897604364db5F7bC7F,173.19016279875302
0x76E3e1D137cb8CbECe033934E8BFE0039Eef39dA,173.19016279875302
0x4393D701AD862c1FE511807f39BFb310bAa18aBF,173.19016279875302
0xc69C535762852d889899539389C01D1CE90f797f,173.19016279875302
0x40E99F03236a2dB8120075C2d76513bd03665c60,173.19016279875302
0xFC94a0693C2c11Da484EaEf4DcBDE07388Ca5f48,173.19016279875302
0x9261447C015208365fDE9B697E4070AE226eFA27,173.19016279875302
0xdd2d6481b0eBFC0510A08Ba2D942Fe615D648A48,173.19016279875302
0x99C69c90b0E6C6881eE31630EB14086Bf18d56c4,173.19016279875302
0x93B9aF9aFA6CBf2dbDA21d9F3aa3ef380947e7d3,173.19016279875302
0x372934a47b1E850c4b09d9fB1954966Be6B25D9f,173.19016279875302
0xeFe714fCA382834c58e81C0C0C84Fa6bd95D8fAc,173.19016279875302
0x69f9DC0710f2e45658C4Ef3C6DD75b60538d291C,173.19016279875302
0x5962a80CF160204C96ACC6306528885C3470f740,173.19016279875302
0x7486c4214A47Eb97E27F1b0d1695339AEBd5680b,173.19016279875302
0x2bbd8950aAff2DB26c3ea09769dF9544e231C0C3,173.19016279875302
0xa92804fE5AB53f657a711FC1E1B80A7592E3DF82,173.19016279875302
0x5dA6FF7570415743D1141807D0Fe203FF4929711,173.19016279875302
0x5bB08BB6ec0c066327134Aa952E3055F1328032c,173.19016279875302
0x697C0D115274Db8955a51Ea41a2Ff4f6752C0e5f,173.19016279875302
0x878CCcc136f13f495d6e005f1F57C17ba1770090,173.19016279875302
0xf51B41f25ba4bf76E2E53C3406F72625761B2949,173.19016279875302
0x2732353B739dce93D70cfD6A67f2dfF619c21572,173.19016279875302
0x319E0FFb1185aa8DDD3C6ae5E2b21C2eDE0e7E9D,173.19016279875302
0x811E0F2E421E88764d872361FbED9978Eeddc5A6,173.19016279875302
0x8F7256379EB67ABdD34e0649A85fb1f3CF48Ff75,173.19016279875302
0x8ea2D6FC7aCeD61813099e40D3521eE8c4CDE09b,173.19016279875302
0xAE6e77632C74466650b4f4188e286260783B6e14,173.19016279875302
0xC4A2FdFebc8b03226691C426F5E95180685fa31f,173.19016279875302
0x63f689a8239e90829D96DFfD26f5e286154f606a,173.19016279875302
0x9af00C2bE7Ba6b5B7d73f92993a55224F09124Ac,173.19016279875302
0xBca1C45A55adB763dD79567469C2F4b935c71b49,173.19016279875302
0xF207b6334367ee1a4840b653a2ce9d764bd26404,173.19016279875302
0x1525532Bf34b2A9194F484C2173d80BE789C75Cf,173.19016279875302
0x9812B09D180f96be7db2aBb309C4A76D58ff736f,173.19016279875302
0xFF196E553a603Ed6cCF5D20C00eFa2A9D52A0bfe,173.19016279875302
0x5447f32F3d9bc47A79A9abe1A8Da8b519f9f1411,173.19016279875302
0xC160BD21C1af12cca6fA59d01bAb7A92F128eB33,173.19016279875302
0xE531C55039403F41311644Fab733F9BCc6b265D4,173.19016279875302
0xA9219acA546966Ff457db1fe117625B45708D757,173.19016279875302
0xdAa73c3FEeB91E539c4BbA722Dd66aA6B50D50Cd,173.19016279875302
0x39af276D6881953aA182EF99178627E56695e58a,173.19016279875302