token_type,token_address,receiver,amount,id
erc20,0xaea46A60368A7bD060eec7DF8CBa43b7EF41Ad85,0xeA88f51035bB9c8e7787edaEe0Afee5228217153,0.2744132093310968
erc20,0xaea46A60368A7bD060eec7DF8CBa43b7EF41Ad85,0x2718f46e8ccfb1B20353Ea88104611D63510c4fE,0.2744132093310968
erc20,0xaea46A60368A7bD060eec7DF8CBa43b7EF41Ad85,0xF49260eC5Fd95500d6534a5a80ad89Ad39421C63,0.2744132093310968
erc20,0xaea46A60368A7bD060eec7DF8CBa43b7EF41Ad85,0xb025597e115648786F5cAb07cced82696d309DF2,0.27439852318045727
erc20,0xaea46A60368A7bD060eec7DF8CBa43b7EF41Ad85,0xD10B551B592E3D5Dd966151Ab07F2d60A3eb75e3,0.27438468662577076
erc20,0xaea46A60368A7bD060eec7DF8CBa43b7EF41Ad85,0x09715cdAFB3648ef0174c62C211A17c261CB58eE,0.27429763706330235
erc20,0xaea46A60368A7bD060eec7DF8CBa43b7EF41Ad85,0xCF1628865ECb9748F2380d9E635A00E3bb263D0A,0.27420270006197434
erc20,0xaea46A60368A7bD060eec7DF8CBa43b7EF41Ad85,0xf4Ab2b1D458240B1D9F23D2843793c8d00df4134,0.2741627515547805
erc20,0xaea46A60368A7bD060eec7DF8CBa43b7EF41Ad85,0xaDe6b4FBe68F351702335435B3a9de9d0D8Def10,0.27397989595347605
erc20,0xaea46A60368A7bD060eec7DF8CBa43b7EF41Ad85,0xa4f4899E5467f1d58477e1abdfCAD57D1E7B2cc9,0.27394769490594584
erc20,0xaea46A60368A7bD060eec7DF8CBa43b7EF41Ad85,0x0082d9aF041885050A21c3C460128C83DBa36529,0.27385040547646405
erc20,0xaea46A60368A7bD060eec7DF8CBa43b7EF41Ad85,0x786A53AC2B013cBF5982Ad7304e43BdFC5308162,0.27384293214272587
erc20,0xaea46A60368A7bD060eec7DF8CBa43b7EF41Ad85,0xEE166C9adcaDea63Dfb21a021Da8C4cA0B5e25B7,0.27379186306607767
erc20,0xaea46A60368A7bD060eec7DF8CBa43b7EF41Ad85,0xf8c499E25e71A6fB0AD3Bd81a5A085Da24AAD323,0.2737865982929863
erc20,0xaea46A60368A7bD060eec7DF8CBa43b7EF41Ad85,0xd98087Ae3D8d4e513aFc7DfAeD82AdD6f4918de9,0.2737618297519289
erc20,0xaea46A60368A7bD060eec7DF8CBa43b7EF41Ad85,0x42CE42f4C6D73379a00CAE9368fd29229A801852,0.2737251007662414
erc20,0xaea46A60368A7bD060eec7DF8CBa43b7EF41Ad85,0xD28FD9daa4AeCb32e9878944ff8A8866192CeFD3,0.2737074906057314
erc20,0xaea46A60368A7bD060eec7DF8CBa43b7EF41Ad85,0x732d81E680223Ac5027c6B8042029EdeFF40F199,0.27369424701847206
erc20,0xaea46A60368A7bD060eec7DF8CBa43b7EF41Ad85,0xc0054dba03c380316A4C65f77961Fa3639De25f5,0.273644974341505
erc20,0xaea46A60368A7bD060eec7DF8CBa43b7EF41Ad85,0x9377C742cB73c6caABcEbF0E8A92e179675d55B9,0.2735566494130292
erc20,0xaea46A60368A7bD060eec7DF8CBa43b7EF41Ad85,0x9AEe92F34065012350C194A9782fE85DE0d5db24,0.2735208963934022
erc20,0xaea46A60368A7bD060eec7DF8CBa43b7EF41Ad85,0x8401c0BF3836A7DBebA5Ae9Cd76d5e91D4440F62,0.2734437056434693
erc20,0xaea46A60368A7bD060eec7DF8CBa43b7EF41Ad85,0x329789FDC49dBce0e3bC7e7c238BE95353F5Ba65,0.2734256736012159
erc20,0xaea46A60368A7bD060eec7DF8CBa43b7EF41Ad85,0xfCa5885D91ef0762FB141d5e7ead6C7B16F6D6eD,0.27337106421740404
erc20,0xaea46A60368A7bD060eec7DF8CBa43b7EF41Ad85,0x06BdFd86Ce6a757f9ad9bAF75B23D7460b1CF159,0.27337106421740404
erc20,0xaea46A60368A7bD060eec7DF8CBa43b7EF41Ad85,0xf5355e3358cD14249986172E0133d2CD43117908,0.27337106421740404
erc20,0xaea46A60368A7bD060eec7DF8CBa43b7EF41Ad85,0x99cFe5481E8f90d1422865450237cBB4D8e25A13,0.27337106421740404
erc20,0xaea46A60368A7bD060eec7DF8CBa43b7EF41Ad85,0x2a7D5bbcc08B98E55F5D446521cc8C77F33CAA75,0.27335488495534127
erc20,0xaea46A60368A7bD060eec7DF8CBa43b7EF41Ad85,0x1C80eae4c08F29E2374a18e6DF97EaCE534C7335,0.2733319380879864
erc20,0xaea46A60368A7bD060eec7DF8CBa43b7EF41Ad85,0xFb9cEe532c6e56547921f5B8e9463eA22B2Ead8e,0.27330030862217286
erc20,0xaea46A60368A7bD060eec7DF8CBa43b7EF41Ad85,0x91cd007e8f1b8FB0BBf62a9234620D5D906d951b,0.27327694181723017
erc20,0xaea46A60368A7bD060eec7DF8CBa43b7EF41Ad85,0xa56B02bf1297F2274B06d54fBb881260f81F0E49,0.27327694181723017
erc20,0xaea46A60368A7bD060eec7DF8CBa43b7EF41Ad85,0x064734539154C6fbD40f483D71d71cdD88F043a0,0.2732520896774862
erc20,0xaea46A60368A7bD060eec7DF8CBa43b7EF41Ad85,0xCf6804Bbfd6D6Fff8CADAb5D1860C684DcfFa4ce,0.2732212475946499
erc20,0xaea46A60368A7bD060eec7DF8CBa43b7EF41Ad85,0x3f08861d16454065622954E2bbd0f5225E4279AA,0.2729925060352576
erc20,0xaea46A60368A7bD060eec7DF8CBa43b7EF41Ad85,0xFd7CcA24330e438000f73DA607D13fDf7dE541af,0.2729822039552683
erc20,0xaea46A60368A7bD060eec7DF8CBa43b7EF41Ad85,0x6D5052CCFd5dC24e382C769CAB333ab727019c94,0.27294836592880795
erc20,0xaea46A60368A7bD060eec7DF8CBa43b7EF41Ad85,0x37509A7ff5774d4DE7C11f30f3882bF6F59cffc8,0.27280516915552794
erc20,0xaea46A60368A7bD060eec7DF8CBa43b7EF41Ad85,0xd0bC4815cc2AB7FDd350d2352fB8Ad630F8E5F93,0.27277449621421984
erc20,0xaea46A60368A7bD060eec7DF8CBa43b7EF41Ad85,0x8eBA058E692F5435e27ADB5da73f5D41eF98CefE,0.2727657980625173
erc20,0xaea46A60368A7bD060eec7DF8CBa43b7EF41Ad85,0x5AeDCD4efd01C3f5025ABE396a4c0B7cFF04C9Ce,0.27273874125043746
erc20,0xaea46A60368A7bD060eec7DF8CBa43b7EF41Ad85,0xe26c0eDd1Bb961768d4869680053d358fb807789,0.2727329826618494
erc20,0xaea46A60368A7bD060eec7DF8CBa43b7EF41Ad85,0x53745019899a7910bB8Df79FAcaa6973fA256fA2,0.27272872496130646
erc20,0xaea46A60368A7bD060eec7DF8CBa43b7EF41Ad85,0xdE9ce44167442C230565100A9e29dFCAb70aB6E3,0.27269137773417046
erc20,0xaea46A60368A7bD060eec7DF8CBa43b7EF41Ad85,0x84923e3B621895C51cdae500c26158c8bbbF2F13,0.27266823256295464
erc20,0xaea46A60368A7bD060eec7DF8CBa43b7EF41Ad85,0xd295719D69785313E76e4706204828046c5Ffd29,0.27266823256295464
erc20,0xaea46A60368A7bD060eec7DF8CBa43b7EF41Ad85,0xce02012E45449eb0Ce9EB1540696c591c72Fdf55,0.27265494620427433
erc20,0xaea46A60368A7bD060eec7DF8CBa43b7EF41Ad85,0x41b4387704473Ef132204E38D1D978f1E4D3c33a,0.2726197997611632
erc20,0xaea46A60368A7bD060eec7DF8CBa43b7EF41Ad85,0x4bE337A509a0Dc37C981a4d2c0638f7f3bb40dDF,0.2726197997611632
erc20,0xaea46A60368A7bD060eec7DF8CBa43b7EF41Ad85,0x634b744ecC5aA2154FB5660a1d6aFd86c9e8d037,0.2725587668875825
erc20,0xaea46A60368A7bD060eec7DF8CBa43b7EF41Ad85,0x8bb48849A4A6f457821f3d115144BF31eac16FD5,0.2725587668875825
erc20,0xaea46A60368A7bD060eec7DF8CBa43b7EF41Ad85,0x001bE843f36B3DE21aDC9D53aE8B1Dfaee533412,0.2724616038282082
erc20,0xaea46A60368A7bD060eec7DF8CBa43b7EF41Ad85,0x64E50474982267Da7f0A33399EE8cc5916F64501,0.27243502139007003
erc20,0xaea46A60368A7bD060eec7DF8CBa43b7EF41Ad85,0x6bA91e0e0Ef79E3fefaBd92387fe3F3AFF8c45b6,0.2724190404318682
erc20,0xaea46A60368A7bD060eec7DF8CBa43b7EF41Ad85,0xD91BF443Cb4a900CD1819d4917Fc09319ad3faE9,0.2723489341845736
erc20,0xaea46A60368A7bD060eec7DF8CBa43b7EF41Ad85,0x4b8A7Eda2f9dd5ea80257CEDDc1EA03612D6AA62,0.2722521930069426
erc20,0xaea46A60368A7bD060eec7DF8CBa43b7EF41Ad85,0x3aa08F5c02e4Df55Ba7bA66a5D1B1E9768303FA4,0.2722292830785422
erc20,0xaea46A60368A7bD060eec7DF8CBa43b7EF41Ad85,0xEc1777de0cbED66f419d77B4C161Cc55d5677d1C,0.2722213898072162
erc20,0xaea46A60368A7bD060eec7DF8CBa43b7EF41Ad85,0xF7CDD18e89F0C31d7D2AAc2657ECd9bE9d3D213D,0.2721955286507683
erc20,0xaea46A60368A7bD060eec7DF8CBa43b7EF41Ad85,0x681BfF0430063C16485B70750b049BDfc667a29d,0.2721629504370712
erc20,0xaea46A60368A7bD060eec7DF8CBa43b7EF41Ad85,0x066fAd86399A6372b23D9F37190EceB06Ce9C399,0.27213804774928435
erc20,0xaea46A60368A7bD060eec7DF8CBa43b7EF41Ad85,0x125F5f4dAFccACc2af060bc37fffF029c149b386,0.27213330984233314
erc20,0xaea46A60368A7bD060eec7DF8CBa43b7EF41Ad85,0x75E18e5Ba57929555Ee96e191eeC8F572E2A34C6,0.2721220590144604
erc20,0xaea46A60368A7bD060eec7DF8CBa43b7EF41Ad85,0x898E02db91fdf219af8146c9cC46c77A5Ac068FD,0.2719942521761107
erc20,0xaea46A60368A7bD060eec7DF8CBa43b7EF41Ad85,0x77B6e6039f0036872Bf440467E189D0f3e1Bc8CD,0.2719942521761107
erc20,0xaea46A60368A7bD060eec7DF8CBa43b7EF41Ad85,0x14A73574D75524355bad93f0e994bFA6fDf8F6fb,0.27196212306233386
erc20,0xaea46A60368A7bD060eec7DF8CBa43b7EF41Ad85,0xA0d1A0DfC79712b3e2DA45B9F4119f1b028072eA,0.27188711559902634
erc20,0xaea46A60368A7bD060eec7DF8CBa43b7EF41Ad85,0x6fF42Aa36236593DFd49A278D7aAaD23fa23275a,0.2718390191361362
erc20,0xaea46A60368A7bD060eec7DF8CBa43b7EF41Ad85,0x8794Dd5B5574f3344EDB7e7d1dCe5Cf8B6eDc274,0.27180511695254433
erc20,0xaea46A60368A7bD060eec7DF8CBa43b7EF41Ad85,0x471e1903e04475d9E3212dbA9C6057301690d576,0.27180511695254433
erc20,0xaea46A60368A7bD060eec7DF8CBa43b7EF41Ad85,0xce1ba5E0B63FB0a4DbB0d064a81127a0a5db20f5,0.27170912816309134
erc20,0xaea46A60368A7bD060eec7DF8CBa43b7EF41Ad85,0x46C6b57DF194237Fc8AF812e6f6CFF91FEc41cC7,0.271693998744998
erc20,0xaea46A60368A7bD060eec7DF8CBa43b7EF41Ad85,0x3C2E7d1E52D8AFc717eF834A794cce932aEdC032,0.2716381217718008
erc20,0xaea46A60368A7bD060eec7DF8CBa43b7EF41Ad85,0xe1eB670Cb57Adf8A0d639ef280a8A54073Ce9D15,0.2715808625040438
erc20,0xaea46A60368A7bD060eec7DF8CBa43b7EF41Ad85,0xB078bf2862AaA603688c5359bfcdD973258CDd3d,0.27137704890645986
erc20,0xaea46A60368A7bD060eec7DF8CBa43b7EF41Ad85,0x80C3C8822d18368Fea8B8f6aD834032B94cD7120,0.27133396642060165
erc20,0xaea46A60368A7bD060eec7DF8CBa43b7EF41Ad85,0xb72074c838e1362074DD477cE6620b06ea6F41Bf,0.27132107472548767
erc20,0xaea46A60368A7bD060eec7DF8CBa43b7EF41Ad85,0x2401C6bd7b8B3d69Cd5543EAdb6d13f1F0f81B51,0.27128550251232214
erc20,0xaea46A60368A7bD060eec7DF8CBa43b7EF41Ad85,0xa2DE0B80D24C3Bc37A9F6C44683fA51d67852c38,0.2712554419799964
erc20,0xaea46A60368A7bD060eec7DF8CBa43b7EF41Ad85,0x4D4EAe41bF9AA08A8811669F242e737f33DE31FB,0.2711253157641362
erc20,0xaea46A60368A7bD060eec7DF8CBa43b7EF41Ad85,0xCfE603A4Da311384Bf646C68e9e506D8359f6C77,0.2711042955548808
erc20,0xaea46A60368A7bD060eec7DF8CBa43b7EF41Ad85,0xB6673C9B787e9a3219055F94CD63C68eb12EB703,0.2710685872508304
erc20,0xaea46A60368A7bD060eec7DF8CBa43b7EF41Ad85,0x309f75d445bD9B1Bb81A9441182464Bc4993FdB2,0.2710451076848688
erc20,0xaea46A60368A7bD060eec7DF8CBa43b7EF41Ad85,0xF110aabE51fEcC7e67831A467C47B7B1E61501c3,0.2710166510808297
erc20,0xaea46A60368A7bD060eec7DF8CBa43b7EF41Ad85,0xd21B6E66470B14E81cbD2f76A1d5D7E639755b61,0.2710166510808297
erc20,0xaea46A60368A7bD060eec7DF8CBa43b7EF41Ad85,0x9575c35B6B5ed7676D24dD9ffa9905dc67c1bE7c,0.2709759190789698
erc20,0xaea46A60368A7bD060eec7DF8CBa43b7EF41Ad85,0x129AbF40E571Aa47Ae29Cc611087086100a73cb3,0.27094260791864955
erc20,0xaea46A60368A7bD060eec7DF8CBa43b7EF41Ad85,0xa703Aba513239E44791866830Ac0A663F2f88822,0.27091707532448106
erc20,0xaea46A60368A7bD060eec7DF8CBa43b7EF41Ad85,0xb3aD2d09f0955e6a706AA49b98e2B10250a67507,0.27091707532448106
erc20,0xaea46A60368A7bD060eec7DF8CBa43b7EF41Ad85,0xb6CB9A0385D7d7D5062BA1A48c0330559F46b5d6,0.2708897113358324
erc20,0xaea46A60368A7bD060eec7DF8CBa43b7EF41Ad85,0x0BCB5573839df989BcB3B5Be0BBb6e2B03c9670a,0.27082477654216525
erc20,0xaea46A60368A7bD060eec7DF8CBa43b7EF41Ad85,0x5a843D480ca72750C9D1AcC1945b41a5A806AF9F,0.27074766550260776
erc20,0xaea46A60368A7bD060eec7DF8CBa43b7EF41Ad85,0xbAeC9089ea28B135e5a9838Bf5Ff27A106ACEdE5,0.27061034396724576
erc20,0xaea46A60368A7bD060eec7DF8CBa43b7EF41Ad85,0x026d56e378f85E0edf7425cc4c2205d58E3526c1,0.27061034396724576
erc20,0xaea46A60368A7bD060eec7DF8CBa43b7EF41Ad85,0x51570dDDcdE5077ED81219941c37f9d5D85d7B43,0.27061034396724576
erc20,0xaea46A60368A7bD060eec7DF8CBa43b7EF41Ad85,0xC40BaDdEc5b38FBC013dC537B1A77144c6C8ABaC,0.27061034396724576
erc20,0xaea46A60368A7bD060eec7DF8CBa43b7EF41Ad85,0x1b71e6AF0e00B85e9008185689Ff364d4c622f96,0.2705372923243702
erc20,0xaea46A60368A7bD060eec7DF8CBa43b7EF41Ad85,0xE2A233e2554AC084a08B2310634662061C974d3E,0.2704219066955036
erc20,0xaea46A60368A7bD060eec7DF8CBa43b7EF41Ad85,0x537c6Fc3799241f17d96966fa677C2B8348B0235,0.27030735316519056
erc20,0xaea46A60368A7bD060eec7DF8CBa43b7EF41Ad85,0xEfF4Be73aa7eb6F9569a98A5af5cB04d4F146050,0.2702876685907629
erc20,0xaea46A60368A7bD060eec7DF8CBa43b7EF41Ad85,0xB2B16c2643aa52e363a54107407CcD87e81F19d0,0.2702750996254618
erc20,0xaea46A60368A7bD060eec7DF8CBa43b7EF41Ad85,0x4b616f40dfD12416Ac5fdF925a44915a1113c1d4,0.27025188252049254
erc20,0xaea46A60368A7bD060eec7DF8CBa43b7EF41Ad85,0xf03617f9B54b09b7928C004216786C9f28E15035,0.2701856995789951
erc20,0xaea46A60368A7bD060eec7DF8CBa43b7EF41Ad85,0xDF630B332e1BCB2E4F156C171c103b2b1CDb1014,0.27015922406940945
erc20,0xaea46A60368A7bD060eec7DF8CBa43b7EF41Ad85,0xB3C54453deB66514675D419f6aAB43c728002406,0.2700829567933386
erc20,0xaea46A60368A7bD060eec7DF8CBa43b7EF41Ad85,0xc20875017a4Adc7e5d701FE01bB8874eb6c332E2,0.26995588873407833
erc20,0xaea46A60368A7bD060eec7DF8CBa43b7EF41Ad85,0x5A9718cCEd1998940f068b77540242A11fd1B0d2,0.269949684933881
erc20,0xaea46A60368A7bD060eec7DF8CBa43b7EF41Ad85,0x1D570AD0b4b69F9899699045d74c3789859a7EE2,0.26990060083999734
erc20,0xaea46A60368A7bD060eec7DF8CBa43b7EF41Ad85,0xD37B00aB970fb767F421DCf65A931c38D618B213,0.2698616866235289
erc20,0xaea46A60368A7bD060eec7DF8CBa43b7EF41Ad85,0xbF22BB34232E13F8189A491C46F5A527C9C0AB9d,0.26983578075150455
erc20,0xaea46A60368A7bD060eec7DF8CBa43b7EF41Ad85,0xA10C887dDa5f66ed3998e9e8911dDE6E9416A0fA,0.26981504050064103
erc20,0xaea46A60368A7bD060eec7DF8CBa43b7EF41Ad85,0x74d66B3d635618F6011F717245F42b74324A236F,0.26981504050064103
erc20,0xaea46A60368A7bD060eec7DF8CBa43b7EF41Ad85,0x728788D88AaF7aDA7727418f5Ec15C48A022a8F7,0.2697901864167416
erc20,0xaea46A60368A7bD060eec7DF8CBa43b7EF41Ad85,0x042d8D673e73cc3F9b30Cc62C91D573599F5c759,0.2697884638949696
erc20,0xaea46A60368A7bD060eec7DF8CBa43b7EF41Ad85,0xdD2644103bD3CFD09d27c22394d33aC8a2Fca8E5,0.2697416816811967
erc20,0xaea46A60368A7bD060eec7DF8CBa43b7EF41Ad85,0x8DFA3d2872045DB5C14602Ed7a8A9c2659629162,0.2697416816811967
erc20,0xaea46A60368A7bD060eec7DF8CBa43b7EF41Ad85,0x95D32864a4b4c06Ab6063Cf3F39A638B8907E049,0.2697416816811967
erc20,0xaea46A60368A7bD060eec7DF8CBa43b7EF41Ad85,0xd14C7b8336BCbc1E4FeB9b9101b1D4F2aB9afe24,0.2697416816811967
erc20,0xaea46A60368A7bD060eec7DF8CBa43b7EF41Ad85,0x7Ec16f1d796f2ebf575B2F9A008f967E660995e1,0.26964580954107364
erc20,0xaea46A60368A7bD060eec7DF8CBa43b7EF41Ad85,0xE22CE9Ea72217398c4d4224b010aF19905ea5872,0.2693170975617666
erc20,0xaea46A60368A7bD060eec7DF8CBa43b7EF41Ad85,0xf91c9B91673b57a3365b6C53BAfB5a6890F40342,0.26921341769315943
erc20,0xaea46A60368A7bD060eec7DF8CBa43b7EF41Ad85,0x2698BEAE0e270EEc08f4751902ac385aa4ffD9Fa,0.26916993859957944
erc20,0xaea46A60368A7bD060eec7DF8CBa43b7EF41Ad85,0x0f63d0A2a8249eF332F9085Bfed644D3ceb0902C,0.2689853974154573
erc20,0xaea46A60368A7bD060eec7DF8CBa43b7EF41Ad85,0xC89F7c0DfA5d2C20Ff8Ac0fb06805c56F5dD932C,0.2689565383712299
erc20,0xaea46A60368A7bD060eec7DF8CBa43b7EF41Ad85,0x6941B5d8a218278899C2cb8b56ff763EdbA3eA70,0.26893113603547975
erc20,0xaea46A60368A7bD060eec7DF8CBa43b7EF41Ad85,0xA981ABaF67BDF23a89a27f10Fb3e0D27635c3752,0.26888955443766677
erc20,0xaea46A60368A7bD060eec7DF8CBa43b7EF41Ad85,0x06Eb709d8FB1a3732A20330A23742992E45B4482,0.2688812353962865
erc20,0xaea46A60368A7bD060eec7DF8CBa43b7EF41Ad85,0xbDcb292108f0BeEE61c2CB9bDe4c7e45E026CA58,0.2688172201881704
erc20,0xaea46A60368A7bD060eec7DF8CBa43b7EF41Ad85,0x7A46D7c3ed6399Bb71d97777c27e2EefB57C256b,0.2687194777704573
erc20,0xaea46A60368A7bD060eec7DF8CBa43b7EF41Ad85,0x9740cF806325273048C21fEABbC0446171fb20f1,0.26863345666624794
erc20,0xaea46A60368A7bD060eec7DF8CBa43b7EF41Ad85,0xc9523c1d49BDa0f3cFc532b53F6bdBF2A461F008,0.2686253184313289
erc20,0xaea46A60368A7bD060eec7DF8CBa43b7EF41Ad85,0xC60716950dbCAD791e241d271806C6E57E8f428C,0.2685442568677974
erc20,0xaea46A60368A7bD060eec7DF8CBa43b7EF41Ad85,0x3B1B0e062B4b94933B373d2E8b5e9d0BA4553345,0.26843318337582767
erc20,0xaea46A60368A7bD060eec7DF8CBa43b7EF41Ad85,0xD36D1890E791cCcc960b3c7F4726fB13CAcA6733,0.26831126538448435
erc20,0xaea46A60368A7bD060eec7DF8CBa43b7EF41Ad85,0x39E1E306d7f3ff496f62b55e040d34D141367C23,0.26829314391107806
erc20,0xaea46A60368A7bD060eec7DF8CBa43b7EF41Ad85,0xC084BC995f6f2762356CCEa601886579D6334bA9,0.26829314391107806
erc20,0xaea46A60368A7bD060eec7DF8CBa43b7EF41Ad85,0xbA87bE41f9e6B43Fc4b10778b1dcBBd0bb21dC7b,0.26829314391107806
erc20,0xaea46A60368A7bD060eec7DF8CBa43b7EF41Ad85,0xd0f712e540D18531e54b34Eb615e7e136E327882,0.26829314391107806
erc20,0xaea46A60368A7bD060eec7DF8CBa43b7EF41Ad85,0x7f1A260036A9F505bFCc280999eCd898A3D4AE94,0.26829314391107806
erc20,0xaea46A60368A7bD060eec7DF8CBa43b7EF41Ad85,0x13e0e058DeF0F2f58a9FBdE691379957096c4Da9,0.2682368139496495
erc20,0xaea46A60368A7bD060eec7DF8CBa43b7EF41Ad85,0x410F530c7FDa132aAef3D8F241B04Cc3d9F8BDAB,0.26822584308016856
erc20,0xaea46A60368A7bD060eec7DF8CBa43b7EF41Ad85,0x54145e11c0310A80e94Bea8c8c2Ef97C5f0134dA,0.2681520293283374
erc20,0xaea46A60368A7bD060eec7DF8CBa43b7EF41Ad85,0x580F95cA6d2508646cd5a7FaECD9D9d5E3bdda04,0.2680148205539943
erc20,0xaea46A60368A7bD060eec7DF8CBa43b7EF41Ad85,0xCb666f047de33e89Ec0C9a5B2f24fC39cBeb9fB2,0.26796187342313416
erc20,0xaea46A60368A7bD060eec7DF8CBa43b7EF41Ad85,0x1D9cb6107E7d43d0e5813af82ffEa825cb26BAC1,0.26793560982649783
erc20,0xaea46A60368A7bD060eec7DF8CBa43b7EF41Ad85,0x0d2bD32Bd09C9f7c0729f429723852938BBe9DD2,0.26792742493184707
erc20,0xaea46A60368A7bD060eec7DF8CBa43b7EF41Ad85,0xe96dDe14EC8B71d02a6b3Ac68031Daad0112Fc79,0.2679210850407648
erc20,0xaea46A60368A7bD060eec7DF8CBa43b7EF41Ad85,0x3D61F427eEC0E61e0002126481168A61f0D1f235,0.2678193376627237
erc20,0xaea46A60368A7bD060eec7DF8CBa43b7EF41Ad85,0xD88B66C902a2314DC3B31AC2e944B99e6B1D7281,0.2676513879016302
erc20,0xaea46A60368A7bD060eec7DF8CBa43b7EF41Ad85,0xFc67C9f785a6e968dF037C62f1CF77FE09596225,0.2676014755975039
erc20,0xaea46A60368A7bD060eec7DF8CBa43b7EF41Ad85,0x6cB0DD1fb7F47fc0B192E0EF5af17f560fCd0B5c,0.2676014755975039
erc20,0xaea46A60368A7bD060eec7DF8CBa43b7EF41Ad85,0xBc79940c1Dff99441fF100c11c6490d791a862D1,0.2676014755975039
erc20,0xaea46A60368A7bD060eec7DF8CBa43b7EF41Ad85,0x1AEb94cC6421d924D8C6E992c099AfCa847dFEab,0.2676014755975039
erc20,0xaea46A60368A7bD060eec7DF8CBa43b7EF41Ad85,0x518b242C94DA592E1e35324a4f33281C5C5e7563,0.26758300028779664
erc20,0xaea46A60368A7bD060eec7DF8CBa43b7EF41Ad85,0x1377a0A7EFbF6f49d00E1659Cb17b134299933D6,0.26757935888454715
erc20,0xaea46A60368A7bD060eec7DF8CBa43b7EF41Ad85,0x5D56b554FD46e457ED0f4EdC19BD65B61c070BA3,0.26757935888454715
erc20,0xaea46A60368A7bD060eec7DF8CBa43b7EF41Ad85,0x4685406134c52d769E97a7769B9FE759dB96FDA9,0.26753260583310673
erc20,0xaea46A60368A7bD060eec7DF8CBa43b7EF41Ad85,0xF85FB4Ae778019A6901AFf0841b02Af2DCD93806,0.2674469599509086
erc20,0xaea46A60368A7bD060eec7DF8CBa43b7EF41Ad85,0xAC02eacF8C0Ab240a64A43Dae1dDCD0eEab45Aa3,0.2674365431657449
erc20,0xaea46A60368A7bD060eec7DF8CBa43b7EF41Ad85,0x2a43bbE792d1d0B3E907bCedFe9dE5dC2166d3A6,0.2674365431657449
erc20,0xaea46A60368A7bD060eec7DF8CBa43b7EF41Ad85,0x9230B619b46d6cF690caB0C4AEa86C5Ea52D9713,0.2674365431657449
erc20,0xaea46A60368A7bD060eec7DF8CBa43b7EF41Ad85,0xbA4899fe6bB2E2073C88bcF36E61CE441479a149,0.26741600121874226
erc20,0xaea46A60368A7bD060eec7DF8CBa43b7EF41Ad85,0x76e0f70B1E4d460f0BA7c0B0f04f9feC26b4E93B,0.2673285258862195
erc20,0xaea46A60368A7bD060eec7DF8CBa43b7EF41Ad85,0xbd7023990B2cf70baD23547810BCDDD1EF223aB3,0.2672759189825716
erc20,0xaea46A60368A7bD060eec7DF8CBa43b7EF41Ad85,0xe1e695fFd575531a69fcADf449D112A6231856f0,0.26719441998405286
erc20,0xaea46A60368A7bD060eec7DF8CBa43b7EF41Ad85,0x18BC646D18D3D60c2959c89BB7052Ec1534944e8,0.26709532248995704
erc20,0xaea46A60368A7bD060eec7DF8CBa43b7EF41Ad85,0x3ddeCC285291bCd05489edf3Ff8Bc65DB7d0141d,0.26708301404149265
erc20,0xaea46A60368A7bD060eec7DF8CBa43b7EF41Ad85,0xF01dd0F605299436c636876ca6A0728D4AC275c2,0.2670812701340101
erc20,0xaea46A60368A7bD060eec7DF8CBa43b7EF41Ad85,0x222D900c4ee1B36429facC7fE4386323A1CAD07F,0.26706642650677515
erc20,0xaea46A60368A7bD060eec7DF8CBa43b7EF41Ad85,0xdE57b45F30FdA72082B540bc229118fF971e2927,0.2670651783589447
erc20,0xaea46A60368A7bD060eec7DF8CBa43b7EF41Ad85,0xC9cf38c0cBB68183DC33a0d97E927CE68F001a30,0.2667835927089337
erc20,0xaea46A60368A7bD060eec7DF8CBa43b7EF41Ad85,0xf3E679b1dE746D14B855b9B98656880855cA0dF4,0.2666859611080841
erc20,0xaea46A60368A7bD060eec7DF8CBa43b7EF41Ad85,0xAD8829C8A1c02c31D8961bE9d7fD9F30e6F9B8c7,0.26664312358581876
erc20,0xaea46A60368A7bD060eec7DF8CBa43b7EF41Ad85,0xeAa6c16DD78B74E0ddeB1E68A0243a24541c0aFf,0.266628834042901
erc20,0xaea46A60368A7bD060eec7DF8CBa43b7EF41Ad85,0x3c002A49b1F1c06C847ca395EEc10e162BF6b451,0.2666216056727556
erc20,0xaea46A60368A7bD060eec7DF8CBa43b7EF41Ad85,0xdA1Da0A12dcC1B6B96a4430B30F8aB3f73704308,0.266619047164119
erc20,0xaea46A60368A7bD060eec7DF8CBa43b7EF41Ad85,0xa2b4656F5c3e5218114cb95bA573F48ED11497D0,0.2665225801124133
erc20,0xaea46A60368A7bD060eec7DF8CBa43b7EF41Ad85,0x47053a38c823a7457C8eC98Cd9250d700d623a35,0.26649657120014736
erc20,0xaea46A60368A7bD060eec7DF8CBa43b7EF41Ad85,0xf4F5275E42D2Ff9F2d7F12aca4b5Db11E0083E7E,0.26649657120014736
erc20,0xaea46A60368A7bD060eec7DF8CBa43b7EF41Ad85,0xFab1c2808122e51E30a88990A665ACD98C73429E,0.2664479925866935
erc20,0xaea46A60368A7bD060eec7DF8CBa43b7EF41Ad85,0x34DdFeb6ceC313739d16E9f2222806A63858BcaA,0.26642816608891456
erc20,0xaea46A60368A7bD060eec7DF8CBa43b7EF41Ad85,0x3a533C68a2A5baae4f7664BA159f3d727E3fEa13,0.2664144131329145
erc20,0xaea46A60368A7bD060eec7DF8CBa43b7EF41Ad85,0xFDE91D3991b40d42ADA2AbEB619d6A4b8303c720,0.26637395914529094
erc20,0xaea46A60368A7bD060eec7DF8CBa43b7EF41Ad85,0xe95aE355f823Dd8c153Cb15564C3Cd635c6709dd,0.26632647703553847
erc20,0xaea46A60368A7bD060eec7DF8CBa43b7EF41Ad85,0x5B9f4bdEb6198f49D832E216377d2e071ac6c6cC,0.26631510761418026
erc20,0xaea46A60368A7bD060eec7DF8CBa43b7EF41Ad85,0xdfa0D0cC88861cF4A987c4fcaE32c2bDB49F991e,0.26626224408200644
erc20,0xaea46A60368A7bD060eec7DF8CBa43b7EF41Ad85,0xC69606bE039A86AE1f98B21CB635B205051d21C3,0.2662585015826709
erc20,0xaea46A60368A7bD060eec7DF8CBa43b7EF41Ad85,0xF5E77D192C923327E3740ADBCBDdf2199633DEc2,0.26621310555176886
erc20,0xaea46A60368A7bD060eec7DF8CBa43b7EF41Ad85,0xDF33cd86236C82Fb2EC1423b0b424Ef87Db3C83D,0.2661441813510177
erc20,0xaea46A60368A7bD060eec7DF8CBa43b7EF41Ad85,0x9a0A1D32A683add16584D16CCCE80810205966c4,0.266024860751421
erc20,0xaea46A60368A7bD060eec7DF8CBa43b7EF41Ad85,0x6CD99c5B6e2abF886dF46EE8053466C08Cf6e661,0.26590449808447697
erc20,0xaea46A60368A7bD060eec7DF8CBa43b7EF41Ad85,0x72A134b329e102c2b63dCAF253F8E6660b58d59f,0.2658705959008852
erc20,0xaea46A60368A7bD060eec7DF8CBa43b7EF41Ad85,0xf324Fe04772665b4a64B8e08281285d1a503B11a,0.26563261765871693
erc20,0xaea46A60368A7bD060eec7DF8CBa43b7EF41Ad85,0x08FE18c9ff0F38343b97C840F3B696d1809039EA,0.265605798033608
erc20,0xaea46A60368A7bD060eec7DF8CBa43b7EF41Ad85,0x8dD053f8648dddde3587555482A24DdD63e022C4,0.265605798033608
erc20,0xaea46A60368A7bD060eec7DF8CBa43b7EF41Ad85,0x5530C112B6cD71cD309005C13cA95b0Aab1883D2,0.265605798033608
erc20,0xaea46A60368A7bD060eec7DF8CBa43b7EF41Ad85,0x4640B532426DB18e736023cB5D9D1fE0CA35ec02,0.265605798033608
erc20,0xaea46A60368A7bD060eec7DF8CBa43b7EF41Ad85,0x84f31403c8520fA1d655cc3aF250f60cE9125020,0.265605798033608
erc20,0xaea46A60368A7bD060eec7DF8CBa43b7EF41Ad85,0xbf84e1C5443C8604544bc8d086f900210AabEf36,0.265605798033608
erc20,0xaea46A60368A7bD060eec7DF8CBa43b7EF41Ad85,0xF42a1978d412E9F64D9A95FFB54447b59f2fFD55,0.26554689012198784
erc20,0xaea46A60368A7bD060eec7DF8CBa43b7EF41Ad85,0xb2200A89D0685e696400dcf357E95b562D1A7217,0.2655145976991492
erc20,0xaea46A60368A7bD060eec7DF8CBa43b7EF41Ad85,0x8950Cd5Fb519dE83f6b73459e5D3893572E187BA,0.26550622227725945
erc20,0xaea46A60368A7bD060eec7DF8CBa43b7EF41Ad85,0x164d37C9C2F74E21AcC6Ae194422C6FD4d7d88D2,0.2654289109896855
erc20,0xaea46A60368A7bD060eec7DF8CBa43b7EF41Ad85,0xDC913e32eaB17C310bFf54d76bff0aceFe70ce24,0.2654207202625682
erc20,0xaea46A60368A7bD060eec7DF8CBa43b7EF41Ad85,0x81181C5F8bfFcDab40eFeC2981Cc78aaBfaB1084,0.26540417161096064
erc20,0xaea46A60368A7bD060eec7DF8CBa43b7EF41Ad85,0x2B4Bb898C2b0bAD6D08Fcb63d6D7b9A377Bb6d18,0.265328221232236
erc20,0xaea46A60368A7bD060eec7DF8CBa43b7EF41Ad85,0x61fDd31E1C2e586539CCA2527AE2c507a7d106bD,0.26530554265834
erc20,0xaea46A60368A7bD060eec7DF8CBa43b7EF41Ad85,0x46A5aE011b930aD078771B7bd36cc4a10cC94A84,0.26530554265834
erc20,0xaea46A60368A7bD060eec7DF8CBa43b7EF41Ad85,0xAF70d4D4E61A9627087d1F3bf860443043022BB8,0.2652466989038513
erc20,0xaea46A60368A7bD060eec7DF8CBa43b7EF41Ad85,0xF903dE274D382b352d24386103B30577B0bd7C3f,0.2652466989038513
erc20,0xaea46A60368A7bD060eec7DF8CBa43b7EF41Ad85,0x7DE55222227DA1942Ce60FabC436A4D65B55da21,0.2651961411400993
erc20,0xaea46A60368A7bD060eec7DF8CBa43b7EF41Ad85,0x628863c1835B37231078826f19Ed3CA9B76ebb89,0.2651544351163344
erc20,0xaea46A60368A7bD060eec7DF8CBa43b7EF41Ad85,0x1d52b75762b2936E6fd0B78428B9a3215BF8b626,0.2650806485826802
erc20,0xaea46A60368A7bD060eec7DF8CBa43b7EF41Ad85,0x5E587cc81Bf7D104bEc39584c7Bd77753f65fE89,0.2650806485826802
erc20,0xaea46A60368A7bD060eec7DF8CBa43b7EF41Ad85,0x9FdD84B13890995D7C4d4B4516fA34D42852320e,0.2650806485826802
erc20,0xaea46A60368A7bD060eec7DF8CBa43b7EF41Ad85,0x8561DA7478C87bFcEE1058A08fcFA12C8996004B,0.2650496567998704
erc20,0xaea46A60368A7bD060eec7DF8CBa43b7EF41Ad85,0xBD849b0385b683167e58165C9Fc2323bEAF02dcc,0.26501180020399356
erc20,0xaea46A60368A7bD060eec7DF8CBa43b7EF41Ad85,0x9b8f2E3764346dC76b92387FFE25680E153aF151,0.2649563315034511
erc20,0xaea46A60368A7bD060eec7DF8CBa43b7EF41Ad85,0xdD3d1AaFA6CefE93905b87200B454C876EC3024a,0.26493191485453893
erc20,0xaea46A60368A7bD060eec7DF8CBa43b7EF41Ad85,0xF1588bdd0F725A8d07217c7d756cd5a8cBbe699F,0.2648779684277523
erc20,0xaea46A60368A7bD060eec7DF8CBa43b7EF41Ad85,0x884d982928eb84fE20B5959917826a5CbA132B82,0.2648779684277523
erc20,0xaea46A60368A7bD060eec7DF8CBa43b7EF41Ad85,0x6BC10a8663B254568F17c7CC5F5C10B483a8E3cF,0.2648779684277523
erc20,0xaea46A60368A7bD060eec7DF8CBa43b7EF41Ad85,0xAC87a7325626B08c462D5132D697836ABd7dA275,0.2648779684277523
erc20,0xaea46A60368A7bD060eec7DF8CBa43b7EF41Ad85,0x49360f2A3A9A2e23e17d08B11cD8aF29106745eB,0.26486871230342146
erc20,0xaea46A60368A7bD060eec7DF8CBa43b7EF41Ad85,0x17bE0B0a12C00338A7d6Eb30348e6A3c54330b49,0.26481911300833055
erc20,0xaea46A60368A7bD060eec7DF8CBa43b7EF41Ad85,0xD9EaEf8709b3EFE76c0d6C3f35Fd5cf03Ea45073,0.26477418357474825
erc20,0xaea46A60368A7bD060eec7DF8CBa43b7EF41Ad85,0x81c7df80fA4e2616f02f8eE598507ae05Ce2Ce52,0.2646503855850374
erc20,0xaea46A60368A7bD060eec7DF8CBa43b7EF41Ad85,0x0526E723B0f906B8a16Ea044118d507260cE6655,0.2646325090752239
erc20,0xaea46A60368A7bD060eec7DF8CBa43b7EF41Ad85,0xE4D5767C9F381aFb1C67129E6995248e4D2fbA31,0.2645677686971067
erc20,0xaea46A60368A7bD060eec7DF8CBa43b7EF41Ad85,0x9ea12EbA280aD6fA5f51D6ec00deF85a7f010800,0.26454091990966533
erc20,0xaea46A60368A7bD060eec7DF8CBa43b7EF41Ad85,0x9eEc34890Cb2714aCa4B6E2FE14875d7D76ccD37,0.26449992155850205
erc20,0xaea46A60368A7bD060eec7DF8CBa43b7EF41Ad85,0x25fB231833A543C03b69FbF6766CDDC200bf8755,0.2644173221679708
erc20,0xaea46A60368A7bD060eec7DF8CBa43b7EF41Ad85,0x8150575D61193c53Df2ef66B55F0367c764D6FCf,0.26438206101968514
erc20,0xaea46A60368A7bD060eec7DF8CBa43b7EF41Ad85,0x8D6cdc3c4868fDeD99E3E62e7b5B9413afe5089F,0.2642910900955752
erc20,0xaea46A60368A7bD060eec7DF8CBa43b7EF41Ad85,0xC749feAf3137fe24913E0DA1BecF8dbE5861Da65,0.26416160156271873
erc20,0xaea46A60368A7bD060eec7DF8CBa43b7EF41Ad85,0x702ba89FCEC355925216bEf632C5F1d79F663fAC,0.2641524095955192
erc20,0xaea46A60368A7bD060eec7DF8CBa43b7EF41Ad85,0xd704a303AA11990EB7E4FFbBD32Ef262eE5d4211,0.2641260526794192
erc20,0xaea46A60368A7bD060eec7DF8CBa43b7EF41Ad85,0xe3d442f9982e3359D6Fe335e7b50c081E34c7F07,0.2638912764613579
erc20,0xaea46A60368A7bD060eec7DF8CBa43b7EF41Ad85,0x9862BBf4e58C2995576A9Baf639a9E52Aa137490,0.2638634147689015
erc20,0xaea46A60368A7bD060eec7DF8CBa43b7EF41Ad85,0x6476D341d228AfECe0E79dBA1D973BB303A6ffC9,0.26384611372911576
erc20,0xaea46A60368A7bD060eec7DF8CBa43b7EF41Ad85,0xe27096C850c5ef9C53DD71cf78a8d9fCFE89Bb8F,0.2638284471880962
erc20,0xaea46A60368A7bD060eec7DF8CBa43b7EF41Ad85,0xE3322FF29F7b4E910fc820D24D78Ea9240eB8B03,0.26362488633072717
erc20,0xaea46A60368A7bD060eec7DF8CBa43b7EF41Ad85,0x457E31996Fb9cEBa8961078b3a70Ccf9948012e5,0.26362372761404973
erc20,0xaea46A60368A7bD060eec7DF8CBa43b7EF41Ad85,0xD2DB461817646e97a2b9045ecEeB33124106F6c8,0.26358505058455234
erc20,0xaea46A60368A7bD060eec7DF8CBa43b7EF41Ad85,0x40698c3274381f8773AE9a3fd7b0A1D61C4CeDd5,0.2635678273109866
erc20,0xaea46A60368A7bD060eec7DF8CBa43b7EF41Ad85,0x6A02f6bdC29bF8483FdC9C7212A2D040059bAcdB,0.2635543795873999
erc20,0xaea46A60368A7bD060eec7DF8CBa43b7EF41Ad85,0x4eB60c3F001414c39c2aA4EBde2370424ED2A99E,0.2635386144304584
erc20,0xaea46A60368A7bD060eec7DF8CBa43b7EF41Ad85,0x823559f5E1574e4C7390dc9a7a797A2e344a78fA,0.2635176272718465
erc20,0xaea46A60368A7bD060eec7DF8CBa43b7EF41Ad85,0x4eC33242F7be2b9bD6fEEa16Ca4ABeeEeaB5a47a,0.26351350177387756
erc20,0xaea46A60368A7bD060eec7DF8CBa43b7EF41Ad85,0xcF7c269038882253f956C9B0941C70E2514B96f5,0.26339407035741746
erc20,0xaea46A60368A7bD060eec7DF8CBa43b7EF41Ad85,0xDaFd3B932d7F0912FeDd65110ca6047E5Dd55580,0.2632641443895737
erc20,0xaea46A60368A7bD060eec7DF8CBa43b7EF41Ad85,0x8e623dcF0302eaB1d0859b8ba869c94492E3fa54,0.2631900662325947
erc20,0xaea46A60368A7bD060eec7DF8CBa43b7EF41Ad85,0xc5b969a98708a03b14C0DB25499e729A4e225Ed0,0.2631900662325947
erc20,0xaea46A60368A7bD060eec7DF8CBa43b7EF41Ad85,0xfde8cdE973CCfBd2cAFCd41390053F2a829E9f72,0.2631467485039211
erc20,0xaea46A60368A7bD060eec7DF8CBa43b7EF41Ad85,0x017b42e20A603AE536A6aB520112ee3aE69e5Ab8,0.2630858478329144
erc20,0xaea46A60368A7bD060eec7DF8CBa43b7EF41Ad85,0x50706ad3F2Ac5532Dc0FC34241e7aA20794A0adD,0.26304923744071235
erc20,0xaea46A60368A7bD060eec7DF8CBa43b7EF41Ad85,0xe269D1B9C7325A95e1A7B9Be5eee57E9b2074CFA,0.2626855034442459
erc20,0xaea46A60368A7bD060eec7DF8CBa43b7EF41Ad85,0x50576EC244fB3997d69DCc29054969f324956efC,0.26268244528764595
erc20,0xaea46A60368A7bD060eec7DF8CBa43b7EF41Ad85,0x9Be47B1D560c3BeC68b742dc7A9859dA34Ab119f,0.2626078616502372
erc20,0xaea46A60368A7bD060eec7DF8CBa43b7EF41Ad85,0x94690cCC0C19B07832B5f51394A20b3987a6cE07,0.26254776197129615
erc20,0xaea46A60368A7bD060eec7DF8CBa43b7EF41Ad85,0xC6BdF6B8BD79223E8bA588c50607D0A8F206b306,0.26246427215754636
erc20,0xaea46A60368A7bD060eec7DF8CBa43b7EF41Ad85,0xE721559F2FA6aa193f11d0BA1332743823C3D22c,0.2624526324985737
erc20,0xaea46A60368A7bD060eec7DF8CBa43b7EF41Ad85,0x0736b555265fD5120201ce88aAbfD29987F9C0E6,0.26239154324448366
erc20,0xaea46A60368A7bD060eec7DF8CBa43b7EF41Ad85,0xB579d6F0E0d4D33e2346c5770e4564c28fd76782,0.2623710090741031
erc20,0xaea46A60368A7bD060eec7DF8CBa43b7EF41Ad85,0x6b8Ca630C408a93a2Bdd981aFd727015f10D53B6,0.26233397291184674
erc20,0xaea46A60368A7bD060eec7DF8CBa43b7EF41Ad85,0x3B1A2974a2384f007799206faC2644dFef8399a6,0.26232402077984734
erc20,0xaea46A60368A7bD060eec7DF8CBa43b7EF41Ad85,0x5aa20af5FFbBBB311c71D4f590f147eF81115EF4,0.2623082303488843
erc20,0xaea46A60368A7bD060eec7DF8CBa43b7EF41Ad85,0x76e49eF7c717D09A0edF25F7dEcbCF5bA8A7D068,0.26219628004278445
erc20,0xaea46A60368A7bD060eec7DF8CBa43b7EF41Ad85,0xc1Fa809Bd6fffcd9Cbc90C8837cB9eC8F2167EE0,0.2620581380738018
erc20,0xaea46A60368A7bD060eec7DF8CBa43b7EF41Ad85,0xDB4764c672f554F892980640841eab5F98F698ea,0.26187793430059797
erc20,0xaea46A60368A7bD060eec7DF8CBa43b7EF41Ad85,0x806FfD628B7958A26fC8D2CB23d1c53f8475576c,0.26186245299035943
erc20,0xaea46A60368A7bD060eec7DF8CBa43b7EF41Ad85,0x68758903c636D8c1e5EF0c3b7F36DDe2BAa36939,0.26179383013371055
erc20,0xaea46A60368A7bD060eec7DF8CBa43b7EF41Ad85,0x343549642E6Db9f7CfCF554558A3623fd7e4F028,0.26172865037645054
erc20,0xaea46A60368A7bD060eec7DF8CBa43b7EF41Ad85,0xa40F2c650e98c22269462d89395ED40B43b9E33e,0.2617096695863136
erc20,0xaea46A60368A7bD060eec7DF8CBa43b7EF41Ad85,0x11445b97A5D0a9a70Dbc2dA0113430F670A7F7e1,0.26167379991735673
erc20,0xaea46A60368A7bD060eec7DF8CBa43b7EF41Ad85,0x3eDB0E8CD761A057F6134eB2feb7C20A082E5C23,0.26161765853901164
erc20,0xaea46A60368A7bD060eec7DF8CBa43b7EF41Ad85,0x4bC402D711A8A7C924569D3d0ea33804E81cb72c,0.2616113069829964
erc20,0xaea46A60368A7bD060eec7DF8CBa43b7EF41Ad85,0x01C2C79343de52F99538Cd2cBBd67Ba0813F4030,0.26151377064576614
erc20,0xaea46A60368A7bD060eec7DF8CBa43b7EF41Ad85,0xBe71E1b690e7812209FcccB30838C8dC127f733A,0.26142433366034495
erc20,0xaea46A60368A7bD060eec7DF8CBa43b7EF41Ad85,0xaAd1160435f1F92CdD6Ce8266F94d52bD43093B4,0.2613006114926986
erc20,0xaea46A60368A7bD060eec7DF8CBa43b7EF41Ad85,0xf806FD13026399023BfdA2fC414e1a1E099c45Fe,0.2612722404315013
erc20,0xaea46A60368A7bD060eec7DF8CBa43b7EF41Ad85,0xa7e964Bc1C913B243ABd22886C35D3F2fa394323,0.2612649304068251
erc20,0xaea46A60368A7bD060eec7DF8CBa43b7EF41Ad85,0x4ED1f5a5c68daC043dbAa433E4B7EDc228bDa125,0.26111941425603474
erc20,0xaea46A60368A7bD060eec7DF8CBa43b7EF41Ad85,0xd7B925Bd6f8077bf1F40Ddd04CF55Df09A1aFba1,0.26107751576087546
erc20,0xaea46A60368A7bD060eec7DF8CBa43b7EF41Ad85,0xC1eB2961430Ad2037Ccc14E38C2f0a575aEEe865,0.2610439129772304
erc20,0xaea46A60368A7bD060eec7DF8CBa43b7EF41Ad85,0x3e7DcBDC9b872fbE9aB49585752Ab1c6297E252F,0.26098248349592806
erc20,0xaea46A60368A7bD060eec7DF8CBa43b7EF41Ad85,0xF9411E964bc56A47faE9Fd38D885664d81FA09c0,0.26095595938245497
erc20,0xaea46A60368A7bD060eec7DF8CBa43b7EF41Ad85,0x05e677DEA0680B055F35F9fFb8290fdd4649cB72,0.2608214607608775
erc20,0xaea46A60368A7bD060eec7DF8CBa43b7EF41Ad85,0x6507F7AFc3Dd688b8b4B3Ffa80DDF8a98100A6Ea,0.2608082793865941
erc20,0xaea46A60368A7bD060eec7DF8CBa43b7EF41Ad85,0x3B49F8F8225132FdEc04e03c162674C9C4c9cCd1,0.2608024333110086
erc20,0xaea46A60368A7bD060eec7DF8CBa43b7EF41Ad85,0xeDA92C096EAE16b5FD7420A6dE7B631652c6aA09,0.2608024333110086
erc20,0xaea46A60368A7bD060eec7DF8CBa43b7EF41Ad85,0x4be7bc238A2fB7494D6e295abbF031A3f61CC704,0.26077668491557965
erc20,0xaea46A60368A7bD060eec7DF8CBa43b7EF41Ad85,0x33C07825615250Fd4eFe6c60C933506bAF6cD6Bc,0.2606694608514978
erc20,0xaea46A60368A7bD060eec7DF8CBa43b7EF41Ad85,0x3d81926fFC195649273B2BC678534f21A87C7a65,0.2606352320497821
erc20,0xaea46A60368A7bD060eec7DF8CBa43b7EF41Ad85,0xd456ac79F1223dDb35F1d8EA613B81E550B9650E,0.26063031722468066
erc20,0xaea46A60368A7bD060eec7DF8CBa43b7EF41Ad85,0xb27fB4668267aceE55F25B5F20fB47667c9eeceF,0.2606213002314763
erc20,0xaea46A60368A7bD060eec7DF8CBa43b7EF41Ad85,0x500C58B3A7c1FAbAbF8F5edCca7D4a762A3A4B9e,0.2604854523659825
erc20,0xaea46A60368A7bD060eec7DF8CBa43b7EF41Ad85,0xa9DF45928b4BC76019BCD066083300cE806331B4,0.2604854523659825
erc20,0xaea46A60368A7bD060eec7DF8CBa43b7EF41Ad85,0x68985F37A094877bE86517210898765Ed119D4da,0.2604854523659825
erc20,0xaea46A60368A7bD060eec7DF8CBa43b7EF41Ad85,0x5869a2f831C0c8341B4E7f994E046901257f81Ab,0.2604854523659825
erc20,0xaea46A60368A7bD060eec7DF8CBa43b7EF41Ad85,0xdA721DB7e46a4E5A766B874cA0A72CD3c4C45Edd,0.2604854523659825
erc20,0xaea46A60368A7bD060eec7DF8CBa43b7EF41Ad85,0x100944Bfe670f643F146594d6c1Bb5366b0c5E36,0.26042760401910925
erc20,0xaea46A60368A7bD060eec7DF8CBa43b7EF41Ad85,0x6f2452aDcBA1386E59e028f6a8a94f9F0Fc916E2,0.26038526420065167
erc20,0xaea46A60368A7bD060eec7DF8CBa43b7EF41Ad85,0x3973969c808c0a86fd173DD085ca52E145bD7a07,0.26035194915202053
erc20,0xaea46A60368A7bD060eec7DF8CBa43b7EF41Ad85,0x3a042b8CB275e5E79Ee0eaa59f58393dE3B1f974,0.26032739641222336
erc20,0xaea46A60368A7bD060eec7DF8CBa43b7EF41Ad85,0xA4edB5b7E50274Ef98E3BD579d24064106b4ae00,0.2603164333193645
erc20,0xaea46A60368A7bD060eec7DF8CBa43b7EF41Ad85,0x9659520647c41Abd5319E1aCFc7fF422dF8ec915,0.260289701181253
erc20,0xaea46A60368A7bD060eec7DF8CBa43b7EF41Ad85,0x7B0ee539bCd314B2164BCaB755b9D2e03b9B1b7d,0.2602696199991037
erc20,0xaea46A60368A7bD060eec7DF8CBa43b7EF41Ad85,0x0B5861cc952886a40938d66269dFB8A86FE7825F,0.26025255614628884
erc20,0xaea46A60368A7bD060eec7DF8CBa43b7EF41Ad85,0xBC3F302172a9Aa133c0A624A5C78D79670e01A35,0.2601400381467832
erc20,0xaea46A60368A7bD060eec7DF8CBa43b7EF41Ad85,0x8b08477C52ab4b60d612b34d26D41cd028C8E47B,0.2601400381467832
erc20,0xaea46A60368A7bD060eec7DF8CBa43b7EF41Ad85,0x3cd4e24e8Ec82331F3F941936c7b52419DB9cC67,0.2601400381467832
erc20,0xaea46A60368A7bD060eec7DF8CBa43b7EF41Ad85,0x4111C7EbF27Bfb14c80bD91b341f6fce9De9dC68,0.26012791828140225
erc20,0xaea46A60368A7bD060eec7DF8CBa43b7EF41Ad85,0x7acfA7577eCCEC4e6f6b362C2c5F9B1EE0d2Ced3,0.26011287440615094
erc20,0xaea46A60368A7bD060eec7DF8CBa43b7EF41Ad85,0x79ccDb32809526a10b845DFf77e78D161997b80D,0.26008072390666376
erc20,0xaea46A60368A7bD060eec7DF8CBa43b7EF41Ad85,0xe923D5bDAC0e3e03c9281aF8fA413D61f35a7416,0.2600299095143859
erc20,0xaea46A60368A7bD060eec7DF8CBa43b7EF41Ad85,0xB0387df4a6B08DeFbb4b1562C76f35805CCd20D9,0.2599867862012622
erc20,0xaea46A60368A7bD060eec7DF8CBa43b7EF41Ad85,0x290320b01f31e8F155A4fBfb4b67bd1ce589527a,0.2599818480462948
erc20,0xaea46A60368A7bD060eec7DF8CBa43b7EF41Ad85,0x3634BCC587C73911E22167AB85CfEf5DF681a023,0.25971835276320204
erc20,0xaea46A60368A7bD060eec7DF8CBa43b7EF41Ad85,0x2277D193042d787427930f2aC3dd05dB3E97d423,0.2597121275772943
erc20,0xaea46A60368A7bD060eec7DF8CBa43b7EF41Ad85,0xbbf7db7272262d071a78B5971Ca48Ea7A5d91864,0.25956176270268927
erc20,0xaea46A60368A7bD060eec7DF8CBa43b7EF41Ad85,0x7BF0aBAD440d58573a206D74eAffD2539d6d9CC4,0.259403160441235
erc20,0xaea46A60368A7bD060eec7DF8CBa43b7EF41Ad85,0xA96362eBa8Bf3DEd7bE35EF5b8d62Ee9B677468D,0.2593909239265242
erc20,0xaea46A60368A7bD060eec7DF8CBa43b7EF41Ad85,0xeBE396Cba917f2feCBB2D284AaBd3330E89c6B8C,0.25930842174376784
erc20,0xaea46A60368A7bD060eec7DF8CBa43b7EF41Ad85,0x4AD1Ca17Ab69e43F26882c78a9A363a07aE23577,0.25928910267057426
erc20,0xaea46A60368A7bD060eec7DF8CBa43b7EF41Ad85,0x1A3d7d744f7d8Cc35B4151af81BaafD4cc3f7686,0.2592833654676966
erc20,0xaea46A60368A7bD060eec7DF8CBa43b7EF41Ad85,0xA488e5526aaf9FAE657782Ea52b27be829B8961b,0.25919796066078027
erc20,0xaea46A60368A7bD060eec7DF8CBa43b7EF41Ad85,0xF57BEbdd9C57a8982ceBBA36A5C1Ba70d66781B6,0.25919553629887304
erc20,0xaea46A60368A7bD060eec7DF8CBa43b7EF41Ad85,0xAB01889BC9a3F83b4baDb0eda79D7B0425C31F1E,0.2591642587252048
erc20,0xaea46A60368A7bD060eec7DF8CBa43b7EF41Ad85,0x6AD4943c578a26DCAcb2Abbe26Ef1a867D5e891C,0.2590959488775914
erc20,0xaea46A60368A7bD060eec7DF8CBa43b7EF41Ad85,0x4783a63301aB2Bfca43FD63D7B12Ab83ECDd7FA1,0.2590760523902145
erc20,0xaea46A60368A7bD060eec7DF8CBa43b7EF41Ad85,0x50f630e46F5266353231db95f93b8197A480Cb67,0.2588966321116768
erc20,0xaea46A60368A7bD060eec7DF8CBa43b7EF41Ad85,0x2069CB4B9Ce53B518A8754B39b91112fB9820D1e,0.2588772236073301
erc20,0xaea46A60368A7bD060eec7DF8CBa43b7EF41Ad85,0x99d4D0E1d26568189B4e3f81B04daB79A99C7544,0.25882127858869025
erc20,0xaea46A60368A7bD060eec7DF8CBa43b7EF41Ad85,0x3C7864858e0a68ddb18BC30bd881b25666f25D91,0.2587496461793291
erc20,0xaea46A60368A7bD060eec7DF8CBa43b7EF41Ad85,0x8ca272a7103ACA4c7b4A66B8759A83Bed604ae2b,0.25873684974783456
erc20,0xaea46A60368A7bD060eec7DF8CBa43b7EF41Ad85,0x5d1B92E3b4927cF24b2cB88F2fA994c418217748,0.25873659895177514
erc20,0xaea46A60368A7bD060eec7DF8CBa43b7EF41Ad85,0xf209d6312961bcb2d8869104Ef7C9A6A7a135023,0.2586760696144689
erc20,0xaea46A60368A7bD060eec7DF8CBa43b7EF41Ad85,0x54c60b273f25f9763eB1c55BdF8761940f3D8872,0.2586710731348364
erc20,0xaea46A60368A7bD060eec7DF8CBa43b7EF41Ad85,0xe575d0ec00b63327FD93E236f210882Cd472b41d,0.2585619749048535
erc20,0xaea46A60368A7bD060eec7DF8CBa43b7EF41Ad85,0x8BdbB655c9C7605ae49564A14FB292716a024bBc,0.2584381088697002
erc20,0xaea46A60368A7bD060eec7DF8CBa43b7EF41Ad85,0x5433b53e165168855340dEA02358E9979F7AFE0B,0.258419835752165
erc20,0xaea46A60368A7bD060eec7DF8CBa43b7EF41Ad85,0xE721559F2FA6aa193f11d0BA1332743823C3D22c,0.2582694611567825
erc20,0xaea46A60368A7bD060eec7DF8CBa43b7EF41Ad85,0x1E4A3Fdf12a3b0caa708981C8C67fB76C7EB3c53,0.25815697426376494
erc20,0xaea46A60368A7bD060eec7DF8CBa43b7EF41Ad85,0xdE460E0f2A1ecACCafB4dec1D7B91f01327513f9,0.25813373577308524
erc20,0xaea46A60368A7bD060eec7DF8CBa43b7EF41Ad85,0xb5965e99c3aB86eFC47263e78c1DC93248f5CA60,0.25808729961899124
erc20,0xaea46A60368A7bD060eec7DF8CBa43b7EF41Ad85,0x6B843aD21614EC4f2A29287d65D7b4C95b8E110C,0.2580747986991325
erc20,0xaea46A60368A7bD060eec7DF8CBa43b7EF41Ad85,0x970038512D7f49aECCbc35c03d6329E56Bc51F19,0.25805312914194056
erc20,0xaea46A60368A7bD060eec7DF8CBa43b7EF41Ad85,0x62a8B962CeF0cf55DB3ddfeCFe6330d40BF4095B,0.25803383923107925
erc20,0xaea46A60368A7bD060eec7DF8CBa43b7EF41Ad85,0xD52bC5CA8Ee6685220Cab7D7f63B2c26656b0AF9,0.25799779069981654
erc20,0xaea46A60368A7bD060eec7DF8CBa43b7EF41Ad85,0x822822AC280F979264a4e26f0A5bbb2981D78A22,0.2579117248800305
erc20,0xaea46A60368A7bD060eec7DF8CBa43b7EF41Ad85,0x537819d59Be3389BF89Acc3721c136209c48eb06,0.25766404530192233
erc20,0xaea46A60368A7bD060eec7DF8CBa43b7EF41Ad85,0x2745cE2Ce46830801E4f9ce6720ec2cA6BFAfcEd,0.25758690315587685
erc20,0xaea46A60368A7bD060eec7DF8CBa43b7EF41Ad85,0x9D58BC784BcDFFcDef6C864F2a9Aa73931c9F4CA,0.25749072772749604
erc20,0xaea46A60368A7bD060eec7DF8CBa43b7EF41Ad85,0x3225d7240Ed5b7daCE1B27DE4a1C1093bc451E9D,0.25749045554572614
erc20,0xaea46A60368A7bD060eec7DF8CBa43b7EF41Ad85,0x18BF2906B7B8c8f60112eaD0128b5d7572C2C28e,0.2574692273118324
erc20,0xaea46A60368A7bD060eec7DF8CBa43b7EF41Ad85,0x16E66cdBda1d24731439798f2D5B40C9B209c65C,0.257424406750958
erc20,0xaea46A60368A7bD060eec7DF8CBa43b7EF41Ad85,0x4E5ec1958A950AD0F5A13768BEeE5DaB37107878,0.25741399385410524
erc20,0xaea46A60368A7bD060eec7DF8CBa43b7EF41Ad85,0x07ed261c1f526c611bC7261399d8Dd91A14503d9,0.2574040631078163
erc20,0xaea46A60368A7bD060eec7DF8CBa43b7EF41Ad85,0xF94Dad51045CE14cF0E87C94A65eb13C0F41271A,0.2573811006872175
erc20,0xaea46A60368A7bD060eec7DF8CBa43b7EF41Ad85,0x0D9982c58f3710167686FaAF408AdF07183F6f51,0.25735104987566915
erc20,0xaea46A60368A7bD060eec7DF8CBa43b7EF41Ad85,0xF799beDB3d635e9799Ceb3779D709E1c3a3C0aa0,0.2573218097769639
erc20,0xaea46A60368A7bD060eec7DF8CBa43b7EF41Ad85,0xdd33C5AbD00549cEffF418E739ccE7cF8D609789,0.25728876885425817
erc20,0xaea46A60368A7bD060eec7DF8CBa43b7EF41Ad85,0x8E7f4D2f4E074c6A245A28B1Eef145b101f7FC61,0.25727085346133477
erc20,0xaea46A60368A7bD060eec7DF8CBa43b7EF41Ad85,0x2FB8928B230CBBA090d564669fA271b31A16C291,0.2572614165305425
erc20,0xaea46A60368A7bD060eec7DF8CBa43b7EF41Ad85,0x52EDE28fEF668Fe7eC9CcABFbA885A087215aA2F,0.2572255663031407
erc20,0xaea46A60368A7bD060eec7DF8CBa43b7EF41Ad85,0x55edAa2d1E7092eeb5B82428554D5B2f4711E20a,0.2571310375744675
erc20,0xaea46A60368A7bD060eec7DF8CBa43b7EF41Ad85,0x8cdC3DFA65c2b9e36D58b33EAbF774d67620e1d2,0.2571030397911261
erc20,0xaea46A60368A7bD060eec7DF8CBa43b7EF41Ad85,0x1596819f7c53C97C52012394edf22B751Ca73980,0.2570870821627902
erc20,0xaea46A60368A7bD060eec7DF8CBa43b7EF41Ad85,0x4917430210C158E4998a79d83835C00Aa56c643c,0.2570437197185402
erc20,0xaea46A60368A7bD060eec7DF8CBa43b7EF41Ad85,0x5226f7BCA500c5eBb714C55FE4Fe0bfD40faad29,0.25704278846805617
erc20,0xaea46A60368A7bD060eec7DF8CBa43b7EF41Ad85,0x1a398d85566ed17A26670ac9a93af8deb7d12bf9,0.25704278846805617
erc20,0xaea46A60368A7bD060eec7DF8CBa43b7EF41Ad85,0x03B3e7F6102c100aAb789c3cFd0E0572fD5552Ba,0.25704278846805617
erc20,0xaea46A60368A7bD060eec7DF8CBa43b7EF41Ad85,0x13a612d7888018b09Df9636C5AE9a2171617972C,0.25704278846805617
erc20,0xaea46A60368A7bD060eec7DF8CBa43b7EF41Ad85,0x830c9c5fE3395c6fC29c0a5cE7d8AA73d9C5A4cF,0.25690800016730936
erc20,0xaea46A60368A7bD060eec7DF8CBa43b7EF41Ad85,0x2879C3F8f27c984a0B97d1CA3B8850FAE284aE44,0.25668856916860183
erc20,0xaea46A60368A7bD060eec7DF8CBa43b7EF41Ad85,0x18517ef950929551866B578c156985A144d5A1D7,0.2565490526816814
erc20,0xaea46A60368A7bD060eec7DF8CBa43b7EF41Ad85,0xa2984BE560Ecd8E83207bb0FdB11DDF249eb6b79,0.25654091639091803
erc20,0xaea46A60368A7bD060eec7DF8CBa43b7EF41Ad85,0x2AfCD446709D714203798E45dB9b00c0422D1454,0.2564146123847689
erc20,0xaea46A60368A7bD060eec7DF8CBa43b7EF41Ad85,0x58A0C1E013015327Ec169a712E8265eB532e3689,0.25638556086914716
erc20,0xaea46A60368A7bD060eec7DF8CBa43b7EF41Ad85,0xfDa90110cd69D26B53306b7b5d3A9d7Ce9C93B54,0.256293011290772
erc20,0xaea46A60368A7bD060eec7DF8CBa43b7EF41Ad85,0xB7881Be008189E128763EfFD3eF6064B48F8d0c7,0.25627620017817193
erc20,0xaea46A60368A7bD060eec7DF8CBa43b7EF41Ad85,0x526b973887b88599dB40836a3828712ED01e6A41,0.2562740013383025
erc20,0xaea46A60368A7bD060eec7DF8CBa43b7EF41Ad85,0x5839943D628aF0baBa3d28E71e45dA948Dba8730,0.2560678994696963
erc20,0xaea46A60368A7bD060eec7DF8CBa43b7EF41Ad85,0xc89Fb701e8B8951361668a76028639A3859C5c3b,0.25600415449919456
erc20,0xaea46A60368A7bD060eec7DF8CBa43b7EF41Ad85,0x0cc0D78678521CADB7B7d26e6BbEEEAEa5578BFc,0.25588638727984164
erc20,0xaea46A60368A7bD060eec7DF8CBa43b7EF41Ad85,0xc1bB71FDc8ccB871729B0B450F7Dc419945cFAFe,0.2558156316846104
erc20,0xaea46A60368A7bD060eec7DF8CBa43b7EF41Ad85,0x5b07fBe386be7198DA4fc2d8Dd73a011A8C3367a,0.2558039064827959
erc20,0xaea46A60368A7bD060eec7DF8CBa43b7EF41Ad85,0x7743473E4FC5b751B253A1930793850d0323d4BA,0.25571301332490587
erc20,0xaea46A60368A7bD060eec7DF8CBa43b7EF41Ad85,0x3032a1Fb99160338746221Df2C78721258acB20d,0.25563876213808734
erc20,0xaea46A60368A7bD060eec7DF8CBa43b7EF41Ad85,0x6585E5DF6bBF9DD5B460947080ff25C55d30B989,0.2556106146547727
erc20,0xaea46A60368A7bD060eec7DF8CBa43b7EF41Ad85,0x32D34045fFe45f8c87DF7Ff1856388e1c0788678,0.25556597101204875
erc20,0xaea46A60368A7bD060eec7DF8CBa43b7EF41Ad85,0x1496Af2172cBFE3C913697133BbcA2CAc28E169B,0.2555160664845445
erc20,0xaea46A60368A7bD060eec7DF8CBa43b7EF41Ad85,0x26261Cb2A254b2371fe6E5cE71aC26f08025614c,0.2554129154262332
erc20,0xaea46A60368A7bD060eec7DF8CBa43b7EF41Ad85,0xAD8829C8A1c02c31D8961bE9d7fD9F30e6F9B8c7,0.2553592217396613
erc20,0xaea46A60368A7bD060eec7DF8CBa43b7EF41Ad85,0x62CEe4a5743B4Fc1D522B6Da88f3C88902e82Cd6,0.25535910897864245
erc20,0xaea46A60368A7bD060eec7DF8CBa43b7EF41Ad85,0x2C4E9Af94715A0376f3CfB0c2Fb7f733A99511f2,0.2553571920413204
erc20,0xaea46A60368A7bD060eec7DF8CBa43b7EF41Ad85,0x345C8561B8151C4E31b525957E3DB90942a4b6Ed,0.25527773829438655
erc20,0xaea46A60368A7bD060eec7DF8CBa43b7EF41Ad85,0x819D1503537313E4E90385626AbFC2759B2B8150,0.2552772269814903
erc20,0xaea46A60368A7bD060eec7DF8CBa43b7EF41Ad85,0x8292Dd1CED1194a1a8D4bf95Bbe361C369643003,0.2552023517207567
erc20,0xaea46A60368A7bD060eec7DF8CBa43b7EF41Ad85,0xA2d91492aC66149f4CbC698468DD33433A0a86Ad,0.25513475148990045
erc20,0xaea46A60368A7bD060eec7DF8CBa43b7EF41Ad85,0xE2080F0B2eDb08AAA74749A0aBe6f1594c3101fa,0.2551071308727259
erc20,0xaea46A60368A7bD060eec7DF8CBa43b7EF41Ad85,0xd9baB7d35A10235c31a886E1338971D820513545,0.2550646063594959
erc20,0xaea46A60368A7bD060eec7DF8CBa43b7EF41Ad85,0x844449c17eF427A23D322eDe532C088Ce74aBB3a,0.2550358639645985
erc20,0xaea46A60368A7bD060eec7DF8CBa43b7EF41Ad85,0x5eD36f2443201E37a5cC088D20df02A25f069DFB,0.2549038538620597
erc20,0xaea46A60368A7bD060eec7DF8CBa43b7EF41Ad85,0xb744779BAb796021EA896d09AC60b01C2b91FF4c,0.25479290674019733
erc20,0xaea46A60368A7bD060eec7DF8CBa43b7EF41Ad85,0x5e25c92c515DC9A3233E88F9e531cF3faAb1002b,0.25458021807276043
erc20,0xaea46A60368A7bD060eec7DF8CBa43b7EF41Ad85,0x171Fd0d22D5507f6E310027e7fba8F517547EE17,0.25454594844377926
erc20,0xaea46A60368A7bD060eec7DF8CBa43b7EF41Ad85,0x73fe5b0ec0617cda5924536493867F2Cc39BaBE7,0.2545269968159749
erc20,0xaea46A60368A7bD060eec7DF8CBa43b7EF41Ad85,0x508Ed38f0FE6caE39D728ecC65b518a0Df7A9867,0.25452282660242953
erc20,0xaea46A60368A7bD060eec7DF8CBa43b7EF41Ad85,0xd4387383B6769488896fB8ae417A62C14f81a03C,0.2545102051449299
erc20,0xaea46A60368A7bD060eec7DF8CBa43b7EF41Ad85,0x003dD0a0C18432C77d6FE5eF7dEF069c9EF4bC21,0.2544202296284354
erc20,0xaea46A60368A7bD060eec7DF8CBa43b7EF41Ad85,0xd6C29594Dd28B4a931602c8Dd84460BC6a4C441b,0.25434557988973966
erc20,0xaea46A60368A7bD060eec7DF8CBa43b7EF41Ad85,0x45B826d6edE863C94571F5c6c5C70C0D328C6c37,0.25430581996562923
erc20,0xaea46A60368A7bD060eec7DF8CBa43b7EF41Ad85,0xa2E793B9e73657f282f57a7213582e8EF5Cfb605,0.2542112134707361
erc20,0xaea46A60368A7bD060eec7DF8CBa43b7EF41Ad85,0xAC974151BD638414be295Dee5bbaE8b46c8c0CF4,0.25407071518528873
erc20,0xaea46A60368A7bD060eec7DF8CBa43b7EF41Ad85,0xe406F452595962720CEfCa1594bBfEA70CFc4b63,0.2538952512631915
erc20,0xaea46A60368A7bD060eec7DF8CBa43b7EF41Ad85,0x41F7E9E0D47c7181303b4cE59420B9E6585fFE6D,0.2536238802061723
erc20,0xaea46A60368A7bD060eec7DF8CBa43b7EF41Ad85,0x357Ea5523523d2B58B11E84b8a1c395E41F6648d,0.2535790071530994
erc20,0xaea46A60368A7bD060eec7DF8CBa43b7EF41Ad85,0x27766E219f887ed6652f32d897Ee8661017C24cE,0.25351920881826073
erc20,0xaea46A60368A7bD060eec7DF8CBa43b7EF41Ad85,0x5d7AFD4BEBcFbffFf99ae06D3BB786EcCD027E8A,0.25351920881826073
erc20,0xaea46A60368A7bD060eec7DF8CBa43b7EF41Ad85,0x15f834Ab92A3BE02a542c2c60A45D8D122C04c56,0.25351920881826073
erc20,0xaea46A60368A7bD060eec7DF8CBa43b7EF41Ad85,0xe9FbC4996261615b7F0C2B64f17De7e23C248cc5,0.2535163722953877
erc20,0xaea46A60368A7bD060eec7DF8CBa43b7EF41Ad85,0x36e9d1b5E1a2EA441aB6adca600e5DF2D112D0C4,0.2534113567919528
erc20,0xaea46A60368A7bD060eec7DF8CBa43b7EF41Ad85,0x2Cadc49d3f9292F6B3f6d7269CB70F81C3726C87,0.25338209530753714
erc20,0xaea46A60368A7bD060eec7DF8CBa43b7EF41Ad85,0x102cE92B1904403A2D4fE965774a0b10CcFaD0E5,0.25337911880546815
erc20,0xaea46A60368A7bD060eec7DF8CBa43b7EF41Ad85,0x71b44cEB607D274D340cAB4d82A148e5A21510b2,0.2533749933074992
erc20,0xaea46A60368A7bD060eec7DF8CBa43b7EF41Ad85,0x3F4Ee1A7D24b483CC972E039F11b8f94Ab300C56,0.2533749933074992
erc20,0xaea46A60368A7bD060eec7DF8CBa43b7EF41Ad85,0xD199c312c244FaDfF32ECd02962eB293356369fB,0.253325092668306
erc20,0xaea46A60368A7bD060eec7DF8CBa43b7EF41Ad85,0xA97e870AD764B4A2b40F4008579210A8bE99190b,0.25330474902516426
erc20,0xaea46A60368A7bD060eec7DF8CBa43b7EF41Ad85,0x0767FC9cf5e5C56Af2E1B05bA564B53E8753Ea06,0.25330474902516426
erc20,0xaea46A60368A7bD060eec7DF8CBa43b7EF41Ad85,0x78066664E90d31467f8E2d4bc5b1790bD05ABD2A,0.2532806473294429
erc20,0xaea46A60368A7bD060eec7DF8CBa43b7EF41Ad85,0x608Fea1c38B619EBcA3729DB21455cC27dea540E,0.2532698242157799
erc20,0xaea46A60368A7bD060eec7DF8CBa43b7EF41Ad85,0xF52c3D6b64996B86a0E28802e1386dfB1E99f174,0.25322921469571646
erc20,0xaea46A60368A7bD060eec7DF8CBa43b7EF41Ad85,0x5db9A14eEe30e9f6cfafe7311BaA0AFc8d0f8F69,0.2531669667249489
erc20,0xaea46A60368A7bD060eec7DF8CBa43b7EF41Ad85,0x4252837997f6e899E43faacB9Fd982b79e781341,0.2531669667249489
erc20,0xaea46A60368A7bD060eec7DF8CBa43b7EF41Ad85,0x41A8300b2b13c6B2C6fb49713a07e2fE187C15E8,0.2531669667249489
erc20,0xaea46A60368A7bD060eec7DF8CBa43b7EF41Ad85,0x8d574f73091DD7b0D247D24F8c5895C10CAC3Acb,0.25316167473368056
erc20,0xaea46A60368A7bD060eec7DF8CBa43b7EF41Ad85,0xFF12681178AC889ecBEc9d856E499FaD197E5326,0.2531291237381606
erc20,0xaea46A60368A7bD060eec7DF8CBa43b7EF41Ad85,0x63222585246bB202119B8Be626E4C283d87a802e,0.25295700376352165
erc20,0xaea46A60368A7bD060eec7DF8CBa43b7EF41Ad85,0xBd03fBe5A691Ad901424648ADe957a39AcF23A41,0.25295289770710777
erc20,0xaea46A60368A7bD060eec7DF8CBa43b7EF41Ad85,0x1d07648b44542ca0519493F0Fa40484a7f5130d4,0.252943454943849
erc20,0xaea46A60368A7bD060eec7DF8CBa43b7EF41Ad85,0x2B0B01A5b942c8441736176Bd576F78e38dF83E1,0.2529330187171303
erc20,0xaea46A60368A7bD060eec7DF8CBa43b7EF41Ad85,0x39A15998a781c01db50b0185015c9dE211499Ca5,0.2528541365519132
erc20,0xaea46A60368A7bD060eec7DF8CBa43b7EF41Ad85,0xF713975b0FE682620057e4C02f9aeb7880337DCB,0.2528423063657017
erc20,0xaea46A60368A7bD060eec7DF8CBa43b7EF41Ad85,0xF4d878dD2750A0d2232B6840C5ADbAc53E80ffE1,0.2528370104861224
erc20,0xaea46A60368A7bD060eec7DF8CBa43b7EF41Ad85,0xF7ab3fb326bD8e4aAEC3927E9e47E47064153B74,0.2528370104861224
erc20,0xaea46A60368A7bD060eec7DF8CBa43b7EF41Ad85,0xb07DD913a98f52d70612ed3Ea7AE3c8531F9aaDD,0.25283565735389507
erc20,0xaea46A60368A7bD060eec7DF8CBa43b7EF41Ad85,0xb7387DF79F578C48a5cf9A747023Aa612cdF00c0,0.25274604539447887
erc20,0xaea46A60368A7bD060eec7DF8CBa43b7EF41Ad85,0x2Ec7D3965F05D310e0a61D44419a7283f8D5e988,0.25274243509771716
erc20,0xaea46A60368A7bD060eec7DF8CBa43b7EF41Ad85,0xfb6Be0C5E662b56468660f46A0C4fCD15df4FCA5,0.25270159811146037
erc20,0xaea46A60368A7bD060eec7DF8CBa43b7EF41Ad85,0xAB2Dea433F9cAC95BCD3559E213FCb19AFC89bD1,0.25268819121513914
erc20,0xaea46A60368A7bD060eec7DF8CBa43b7EF41Ad85,0x9a07d143b461bcEAeC45b13769819AfA960E56FA,0.2526249264510457
erc20,0xaea46A60368A7bD060eec7DF8CBa43b7EF41Ad85,0x837B26117344aa5987981cc93d44d777506afa87,0.2525887204431874
erc20,0xaea46A60368A7bD060eec7DF8CBa43b7EF41Ad85,0x8437F94031F1E5Ffc6960C10847a0F077B442b23,0.2524765873864707
erc20,0xaea46A60368A7bD060eec7DF8CBa43b7EF41Ad85,0x3F44f06E49fbF5B00A31c8121793108f85f84513,0.2524765873864707
erc20,0xaea46A60368A7bD060eec7DF8CBa43b7EF41Ad85,0xFBbDa7FD27b54b036F881e962Eea51D77B0B61C1,0.2524314304866951
erc20,0xaea46A60368A7bD060eec7DF8CBa43b7EF41Ad85,0x280e41197046E6F932d5cE7Cf825878c9b1814B0,0.2524032382878038
erc20,0xaea46A60368A7bD060eec7DF8CBa43b7EF41Ad85,0x57309eF1A1F24c7a6eAdD194e96847C5cC22312C,0.2523809563216296
erc20,0xaea46A60368A7bD060eec7DF8CBa43b7EF41Ad85,0xB1F651A48984f65a0E2828Eb82e81bDbC7bd25F2,0.2523269010221349
erc20,0xaea46A60368A7bD060eec7DF8CBa43b7EF41Ad85,0x1658ccc428d0E8b2FB8D7dFBE79aB69B3c814062,0.25230994409787255
erc20,0xaea46A60368A7bD060eec7DF8CBa43b7EF41Ad85,0x2b2a32836103039fe657fe133dC2022a2E0090F2,0.25228501613606413
erc20,0xaea46A60368A7bD060eec7DF8CBa43b7EF41Ad85,0x85958FC2188B89EC62e4c73FFdF56c322d1361ac,0.25221445690053834
erc20,0xaea46A60368A7bD060eec7DF8CBa43b7EF41Ad85,0xc78bFa4C0715B740d7720c4C2cD47674Ca60E570,0.25221445690053834
erc20,0xaea46A60368A7bD060eec7DF8CBa43b7EF41Ad85,0x8A137895e881Df7E61DA6D5b6Fa652B5fC2436C0,0.2521854598212705
erc20,0xaea46A60368A7bD060eec7DF8CBa43b7EF41Ad85,0x8CB7de7A862bA30571d4F33B0271E8786EDbBaBD,0.25212093330025803
erc20,0xaea46A60368A7bD060eec7DF8CBa43b7EF41Ad85,0x8de5c5DEfc266F866a23D56b053850CB7d600645,0.2519938632968424
erc20,0xaea46A60368A7bD060eec7DF8CBa43b7EF41Ad85,0xC906F3cb269F0Cd64f8595Dadc64FB914336A0b3,0.2519448841873557
erc20,0xaea46A60368A7bD060eec7DF8CBa43b7EF41Ad85,0xc973d7593D8ebF1e8c126c29847828CDc69bDB95,0.2517922193767954
erc20,0xaea46A60368A7bD060eec7DF8CBa43b7EF41Ad85,0x920A8aF0fab134DFFdd344b3D73345F2753aDE6e,0.25178454190672983
erc20,0xaea46A60368A7bD060eec7DF8CBa43b7EF41Ad85,0x23524e69487DF0b28894CaB026e0634ef8dE4b53,0.251769274453596
erc20,0xaea46A60368A7bD060eec7DF8CBa43b7EF41Ad85,0x1Abcf88036cCa93439aDD53134b1d42498D95dd7,0.2516585042498841
erc20,0xaea46A60368A7bD060eec7DF8CBa43b7EF41Ad85,0x32138E2DE78CE4086816C5Ef46193ff9d36373Ff,0.25165290897035786
erc20,0xaea46A60368A7bD060eec7DF8CBa43b7EF41Ad85,0x3Fb8ac5c90d2fDfa471Af71b4AF252Eb7A4aA0f0,0.25164514401329485
erc20,0xaea46A60368A7bD060eec7DF8CBa43b7EF41Ad85,0x4b82e86FFF465174F1DaCD66a791823Cb8A82e39,0.25162791296310705
erc20,0xaea46A60368A7bD060eec7DF8CBa43b7EF41Ad85,0xf5645Bd449bbc7C0591C2F0E03537ABd46C53153,0.25162791296310705
erc20,0xaea46A60368A7bD060eec7DF8CBa43b7EF41Ad85,0xaa45f4F33AEA4006fd57ffFE2fa8D8281eFaA255,0.25162791296310705
erc20,0xaea46A60368A7bD060eec7DF8CBa43b7EF41Ad85,0x2d44D96e04347dB32378858e45385B5910D6cf58,0.2516146810407808
erc20,0xaea46A60368A7bD060eec7DF8CBa43b7EF41Ad85,0x04c7Fd7E06D2FBB3aad728c6C816E26C29203Bc5,0.2515716763211425
erc20,0xaea46A60368A7bD060eec7DF8CBa43b7EF41Ad85,0x0893aC5022169852E31a4CBbDe5d372433259D9e,0.25147830436499125
erc20,0xaea46A60368A7bD060eec7DF8CBa43b7EF41Ad85,0xfFfA89B67bcff0f4429E8B69f8e4a8FA31E1944A,0.25134931742425354
erc20,0xaea46A60368A7bD060eec7DF8CBa43b7EF41Ad85,0x34E2df08194C5B4421a1EaF7B074D702F494822d,0.2513174352182251
erc20,0xaea46A60368A7bD060eec7DF8CBa43b7EF41Ad85,0x353aD5F8Fc0a3C123fA8324797ff590B8963Ed12,0.2512517635896238
erc20,0xaea46A60368A7bD060eec7DF8CBa43b7EF41Ad85,0x16dE46F402A831B4f27aFe27611491D6bA8e8215,0.2511913645107359
erc20,0xaea46A60368A7bD060eec7DF8CBa43b7EF41Ad85,0xe112D038716DB4C86d780b9cCb029E29AFD25c3b,0.2509905021411995
erc20,0xaea46A60368A7bD060eec7DF8CBa43b7EF41Ad85,0x21789874Ef79AEF070D9978cf6eC5Fb7B93d5066,0.25097876527445195
erc20,0xaea46A60368A7bD060eec7DF8CBa43b7EF41Ad85,0x2E100AaC304318D154b3D14e9632c47cB8301EcE,0.2509418088225711
erc20,0xaea46A60368A7bD060eec7DF8CBa43b7EF41Ad85,0x3f9C30547F232CD679DcCDd28AA6395587Cebbb5,0.2509288801885026
erc20,0xaea46A60368A7bD060eec7DF8CBa43b7EF41Ad85,0xc37214C8636e605a71b92Da080BF2bc5c69B33F4,0.25086820115122294
erc20,0xaea46A60368A7bD060eec7DF8CBa43b7EF41Ad85,0x1Ac4cc355a2d7A25793d62E4e26CD5D2492E29D6,0.25086639308660885
erc20,0xaea46A60368A7bD060eec7DF8CBa43b7EF41Ad85,0x218f59Ad07884317F11571aD9Ff27a98100F97d7,0.25086639308660885
erc20,0xaea46A60368A7bD060eec7DF8CBa43b7EF41Ad85,0x34360F1039C2bE6e4a8cC6d1F1fC7B0d03A2fa93,0.25086639308660885
erc20,0xaea46A60368A7bD060eec7DF8CBa43b7EF41Ad85,0x7Be57eDDA9e917e817Cb9B82E2b0ACB5d5e7E908,0.25086639308660885
erc20,0xaea46A60368A7bD060eec7DF8CBa43b7EF41Ad85,0x2A0aB21Ce49F4FcC96Ab4489BF1581d1469A7257,0.25086639308660885
erc20,0xaea46A60368A7bD060eec7DF8CBa43b7EF41Ad85,0x2D52CB15bEb750288D49A99A123Da38eFa054052,0.25086639308660885
erc20,0xaea46A60368A7bD060eec7DF8CBa43b7EF41Ad85,0xd747CA9592ABB5971Dd391A046822Da0E34A9E48,0.25086639308660885
erc20,0xaea46A60368A7bD060eec7DF8CBa43b7EF41Ad85,0xA084a748E6861De5Ebe3b22A3A81b8539FEe0Bbf,0.25086639308660885
erc20,0xaea46A60368A7bD060eec7DF8CBa43b7EF41Ad85,0x7Aa681f88512531685642829aCf527B9b794B759,0.25086639308660885
erc20,0xaea46A60368A7bD060eec7DF8CBa43b7EF41Ad85,0x90435367891eaE132cA143033e95d850289b8CCD,0.25086639308660885
erc20,0xaea46A60368A7bD060eec7DF8CBa43b7EF41Ad85,0x6644688a15Aa7E88DCE641e5FbFBaf23082da7D7,0.25086639308660885